ts_event,ofi_AAPL_target,ofi_MSFT
2024-10-21 11:54:25,99.99999999999996,99.99999999999996
2024-10-21 11:54:30,0.0,0.0
2024-10-21 11:54:35,-79.99999999999996,-79.99999999999996
2024-10-21 11:54:40,119.99999999999993,119.99999999999993
2024-10-21 11:54:45,0.0,0.0
2024-10-21 11:54:50,120.00000000000006,120.00000000000006
2024-10-21 11:54:55,2.8940529494243603e-14,2.8940529494243603e-14
2024-10-21 11:55:00,0.0,0.0
2024-10-21 11:55:05,12.500000000000025,12.500000000000025
2024-10-21 11:55:10,8.881784197000416e-15,8.881784197000416e-15
2024-10-21 11:55:15,0.0,0.0
2024-10-21 11:55:20,1.7469409117458747e-14,1.7469409117458747e-14
2024-10-21 11:55:25,-4.819177470142997e-16,-4.819177470142997e-16
2024-10-21 11:55:30,-5533.333333333316,-5533.333333333316
2024-10-21 11:55:35,98.06451612903223,98.06451612903223
2024-10-21 11:55:40,46.59793814432985,46.59793814432985
2024-10-21 11:55:45,0.0,0.0
2024-10-21 11:55:50,-1248.429752066113,-1248.429752066113
2024-10-21 11:55:55,68.9119170984455,68.9119170984455
2024-10-21 11:56:00,0.0,0.0
2024-10-21 11:56:05,9.090909090909086,9.090909090909086
2024-10-21 11:56:10,54.389438943894426,54.389438943894426
2024-10-21 11:56:15,-99.99999999999994,-99.99999999999994
2024-10-21 11:56:20,115.24475524475804,115.24475524475804
2024-10-21 11:56:25,-39.99999999999998,-39.99999999999998
2024-10-21 11:56:30,0.0,0.0
2024-10-21 11:56:35,0.0,0.0
2024-10-21 11:56:40,-16.989247311827953,-16.989247311827953
2024-10-21 11:56:45,5.714285714285699,5.714285714285699
2024-10-21 11:56:50,59.99999999999993,59.99999999999993
2024-10-21 11:56:55,-19.99999999999998,-19.99999999999998
2024-10-21 11:57:00,15.267702936096699,15.267702936096699
2024-10-21 11:57:05,-19.43661971830984,-19.43661971830984
2024-10-21 11:57:10,39.99999999999997,39.99999999999997
2024-10-21 11:57:15,4.2870993618102246e-14,4.2870993618102246e-14
2024-10-21 11:57:20,538.301886792453,538.301886792453
2024-10-21 11:57:25,-146.9565217391302,-146.9565217391302
2024-10-21 11:57:30,-39.99999999999997,-39.99999999999997
2024-10-21 11:57:35,115.55555555555543,115.55555555555543
2024-10-21 11:57:40,279.99999999999966,279.99999999999966
2024-10-21 11:57:45,179.99999999999994,179.99999999999994
2024-10-21 11:57:50,1.9022480177512585e-14,1.9022480177512585e-14
2024-10-21 11:57:55,3.804496035502521e-15,3.804496035502521e-15
2024-10-21 11:58:00,0.0,0.0
2024-10-21 11:58:05,159.99999999999997,159.99999999999997
2024-10-21 11:58:10,0.0,0.0
2024-10-21 11:58:15,259.99999999999983,259.99999999999983
2024-10-21 11:58:20,39.99999999999998,39.99999999999998
2024-10-21 11:58:25,0.0,0.0
2024-10-21 11:58:30,8.881784197000416e-15,8.881784197000416e-15
2024-10-21 11:58:35,1.4629902387305627e-14,1.4629902387305627e-14
2024-10-21 11:58:40,-6.11729564902833e-15,-6.11729564902833e-15
2024-10-21 11:58:45,0.0,0.0
2024-10-21 11:58:50,765.7142857142851,765.7142857142851
2024-10-21 11:58:55,285.71917808219195,285.71917808219195
2024-10-21 11:59:00,290.3675048355896,290.3675048355896
2024-10-21 11:59:05,100.00000000000004,100.00000000000004
2024-10-21 11:59:10,0.0,0.0
2024-10-21 11:59:15,0.0,0.0
2024-10-21 11:59:20,139.99999999999991,139.99999999999991
2024-10-21 11:59:25,1.1940432021514583e-13,1.1940432021514583e-13
2024-10-21 11:59:30,871.5789473684204,871.5789473684204
2024-10-21 11:59:35,0.0,0.0
2024-10-21 11:59:40,-10.484581497797341,-10.484581497797341
2024-10-21 11:59:45,0.0,0.0
2024-10-21 11:59:50,0.0,0.0
2024-10-21 11:59:55,-340.3389830508471,-340.3389830508471
2024-10-21 12:00:00,-52.60744985673281,-52.60744985673281
2024-10-21 12:00:05,-1016.5876777251168,-1016.5876777251168
2024-10-21 12:00:10,59.99999999999995,59.99999999999995
2024-10-21 12:00:15,-705.8128078817724,-705.8128078817724
2024-10-21 12:00:20,0.0,0.0
2024-10-21 12:00:25,0.0,0.0
2024-10-21 12:00:30,119.99999999999993,119.99999999999993
2024-10-21 12:00:35,39.99999999999996,39.99999999999996
2024-10-21 12:00:40,-396.0806916426507,-396.0806916426507
2024-10-21 12:00:45,0.0,0.0
2024-10-21 12:00:50,-11759.999999999989,-11759.999999999989
2024-10-21 12:00:55,79.99999999999991,79.99999999999991
2024-10-21 12:01:00,650.1421800947859,650.1421800947859
2024-10-21 12:01:05,239.9999999999996,239.9999999999996
2024-10-21 12:01:10,-1.223459129805666e-14,-1.223459129805666e-14
2024-10-21 12:01:15,0.0,0.0
2024-10-21 12:01:20,0.0,0.0
2024-10-21 12:01:25,0.0,0.0
2024-10-21 12:01:30,-3.0586478245141647e-15,-3.0586478245141647e-15
2024-10-21 12:01:35,-299.9999999999998,-299.9999999999998
2024-10-21 12:01:40,-140.00000000000003,-140.00000000000003
2024-10-21 12:01:45,119.99999999999991,119.99999999999991
2024-10-21 12:01:50,-9.753268258203752e-15,-9.753268258203752e-15
2024-10-21 12:01:55,39.99999999999998,39.99999999999998
2024-10-21 12:02:00,-2.222222222222218,-2.222222222222218
2024-10-21 12:02:05,-186.6666666666664,-186.6666666666664
2024-10-21 12:02:10,0.0,0.0
2024-10-21 12:02:15,-94.47154471544701,-94.47154471544701
2024-10-21 12:02:20,0.0,0.0
2024-10-21 12:02:25,0.0,0.0
2024-10-21 12:02:30,-8.571428571428568,-8.571428571428568
2024-10-21 12:02:35,0.0,0.0
2024-10-21 12:02:40,-17.142857142857135,-17.142857142857135
2024-10-21 12:02:45,70.75144508670509,70.75144508670509
2024-10-21 12:02:50,48.256513026052005,48.256513026052005
2024-10-21 12:02:55,183.56164383561617,183.56164383561617
2024-10-21 12:03:00,19.999999999999982,19.999999999999982
2024-10-21 12:03:05,0.0,0.0
2024-10-21 12:03:10,0.0,0.0
2024-10-21 12:03:15,0.0,0.0
2024-10-21 12:03:20,39.99999999999996,39.99999999999996
2024-10-21 12:03:25,0.0,0.0
2024-10-21 12:03:30,0.0,0.0
2024-10-21 12:03:35,-133.33333333333314,-133.33333333333314
2024-10-21 12:03:40,0.0,0.0
2024-10-21 12:03:45,0.0,0.0
2024-10-21 12:03:50,0.0,0.0
2024-10-21 12:03:55,2633.333333333331,2633.333333333331
2024-10-21 12:04:00,159.9999999999999,159.9999999999999
2024-10-21 12:04:05,7.4584821098835575e-16,7.4584821098835575e-16
2024-10-21 12:04:10,-40.0,-40.0
2024-10-21 12:04:15,-3.058647824514165e-14,-3.058647824514165e-14
2024-10-21 12:04:20,0.0,0.0
2024-10-21 12:04:25,609.2307692307687,609.2307692307687
2024-10-21 12:04:30,0.0,0.0
2024-10-21 12:04:35,0.0,0.0
2024-10-21 12:04:40,4.080574931309377e-15,4.080574931309377e-15
2024-10-21 12:04:45,-19.99999999999999,-19.99999999999999
2024-10-21 12:04:50,140.0000000000007,140.0000000000007
2024-10-21 12:04:55,0.0,0.0
2024-10-21 12:05:00,-39.99999999999998,-39.99999999999998
2024-10-21 12:05:05,10.839694656488534,10.839694656488534
2024-10-21 12:05:10,0.0,0.0
2024-10-21 12:05:15,57.10144927536225,57.10144927536225
2024-10-21 12:05:20,0.0,0.0
2024-10-21 12:05:25,11.264367816091898,11.264367816091898
2024-10-21 12:05:30,-19.11980440097799,-19.11980440097799
2024-10-21 12:05:35,-7.608992071005042e-15,-7.608992071005042e-15
2024-10-21 12:05:40,1692.4315554654108,1692.4315554654108
2024-10-21 12:05:45,-135.59548683660677,-135.59548683660677
2024-10-21 12:05:50,-3.804496035502521e-15,-3.804496035502521e-15
2024-10-21 12:05:55,59.9999999999998,59.9999999999998
2024-10-21 12:06:00,0.0,0.0
2024-10-21 12:06:05,3155.9712230215796,3155.9712230215796
2024-10-21 12:06:10,0.0,0.0
2024-10-21 12:06:15,1584.210526315787,1584.210526315787
2024-10-21 12:06:20,14.883720930232533,14.883720930232533
2024-10-21 12:06:25,38.36065573770485,38.36065573770485
2024-10-21 12:06:30,-7.608992071005044e-15,-7.608992071005044e-15
2024-10-21 12:06:35,-39.999999999999986,-39.999999999999986
2024-10-21 12:06:40,0.0,0.0
2024-10-21 12:06:45,-1647.207207207207,-1647.207207207207
2024-10-21 12:06:50,59.999999999999964,59.999999999999964
2024-10-21 12:06:55,454.177660510114,454.177660510114
2024-10-21 12:07:00,-19.99999999999999,-19.99999999999999
2024-10-21 12:07:05,0.0,0.0
2024-10-21 12:07:10,0.0,0.0
2024-10-21 12:07:15,0.0,0.0
2024-10-21 12:07:20,-200.8602150537632,-200.8602150537632
2024-10-21 12:07:25,0.0,0.0
2024-10-21 12:07:30,-145.77319587628836,-145.77319587628836
2024-10-21 12:07:35,0.0,0.0
2024-10-21 12:07:40,0.0,0.0
2024-10-21 12:07:45,0.0,0.0
2024-10-21 12:07:50,744.6994285714292,744.6994285714292
2024-10-21 12:07:55,139.99999999999983,139.99999999999983
2024-10-21 12:08:00,0.0,0.0
2024-10-21 12:08:05,100.13029315960907,100.13029315960907
2024-10-21 12:08:10,-4.819177470142997e-16,-4.819177470142997e-16
2024-10-21 12:08:15,0.0,0.0
2024-10-21 12:08:20,100.00000000000563,100.00000000000563
2024-10-21 12:08:25,15.450516986706045,15.450516986706045
2024-10-21 12:08:30,0.0,0.0
2024-10-21 12:08:35,557.7355022516313,557.7355022516313
2024-10-21 12:08:40,714.3392455658254,714.3392455658254
2024-10-21 12:08:45,19.124087591240844,19.124087591240844
2024-10-21 12:08:50,0.0,0.0
2024-10-21 12:08:55,120.35087719298232,120.35087719298232
2024-10-21 12:09:00,199.99999999999994,199.99999999999994
2024-10-21 12:09:05,59.999999999999964,59.999999999999964
2024-10-21 12:09:10,8.491537097407063e+18,8.491537097407063e+18
2024-10-21 12:09:15,139.99999999999991,139.99999999999991
2024-10-21 12:09:20,0.0,0.0
2024-10-21 12:09:25,79.99999999999993,79.99999999999993
2024-10-21 12:09:30,-99.99999999999994,-99.99999999999994
2024-10-21 12:09:35,39.99999999999998,39.99999999999998
2024-10-21 12:09:40,-63.14285714285711,-63.14285714285711
2024-10-21 12:09:45,-4.7451717552475254e-14,-4.7451717552475254e-14
2024-10-21 12:09:50,-265.701459034792,-265.701459034792
2024-10-21 12:09:55,-59.999999999999964,-59.999999999999964
2024-10-21 12:10:00,-6196.470588235286,-6196.470588235286
2024-10-21 12:10:05,0.0,0.0
2024-10-21 12:10:10,99.99999999999987,99.99999999999987
2024-10-21 12:10:15,0.0,0.0
2024-10-21 12:10:20,100.00000000000045,100.00000000000045
2024-10-21 12:10:25,-59.99999999999993,-59.99999999999993
2024-10-21 12:10:30,-1.6061072093579732e-14,-1.6061072093579732e-14
2024-10-21 12:10:35,-119.99999999999994,-119.99999999999994
2024-10-21 12:10:40,99.99999999999987,99.99999999999987
2024-10-21 12:10:45,19.999999999999982,19.999999999999982
2024-10-21 12:10:50,236.6854219948852,236.6854219948852
2024-10-21 12:10:55,119.99999999999994,119.99999999999994
2024-10-21 12:11:00,79.99999999999994,79.99999999999994
2024-10-21 12:11:05,256.765847347995,256.765847347995
2024-10-21 12:11:10,16.0,16.0
2024-10-21 12:11:15,39.99999999999998,39.99999999999998
2024-10-21 12:11:20,139.99999999999991,139.99999999999991
2024-10-21 12:11:25,339.51825180034723,339.51825180034723
2024-10-21 12:11:30,59.999999999999964,59.999999999999964
2024-10-21 12:11:35,1.8727403888029417e-14,1.8727403888029417e-14
2024-10-21 12:11:40,59.99999999999997,59.99999999999997
2024-10-21 12:11:45,119.99999999999994,119.99999999999994
2024-10-21 12:11:50,79.99999999999994,79.99999999999994
2024-10-21 12:11:55,8.881784197000416e-15,8.881784197000416e-15
2024-10-21 12:12:00,83.34630350194553,83.34630350194553
2024-10-21 12:12:05,27.95497185741051,27.95497185741051
2024-10-21 12:12:10,8.881784197000416e-15,8.881784197000416e-15
2024-10-21 12:12:15,0.0,0.0
2024-10-21 12:12:20,39.999999999999964,39.999999999999964
2024-10-21 12:12:25,79.99999999999993,79.99999999999993
2024-10-21 12:12:30,205.457570715474,205.457570715474
2024-10-21 12:12:35,0.0,0.0
2024-10-21 12:12:40,99.99999999999996,99.99999999999996
2024-10-21 12:12:45,2078.6713286713275,2078.6713286713275
2024-10-21 12:12:50,600.12454592631,600.12454592631
2024-10-21 12:12:55,99.99999999999994,99.99999999999994
2024-10-21 12:13:00,0.0,0.0
2024-10-21 12:13:05,0.0,0.0
2024-10-21 12:13:10,-59.99999999999997,-59.99999999999997
2024-10-21 12:13:15,0.0,0.0
2024-10-21 12:13:20,-3322.666666666664,-3322.666666666664
2024-10-21 12:13:25,18.186298669295425,18.186298669295425
2024-10-21 12:13:30,1435.2542372881342,1435.2542372881342
2024-10-21 12:13:35,537.7470355731225,537.7470355731225
2024-10-21 12:13:40,38.11228641171682,38.11228641171682
2024-10-21 12:13:45,1610.34415899176,1610.34415899176
2024-10-21 12:13:50,-2.6645352591001245e-14,-2.6645352591001245e-14
2024-10-21 12:13:55,-112.90322580645103,-112.90322580645103
2024-10-21 12:14:00,-57.87610619469018,-57.87610619469018
2024-10-21 12:14:05,57.360488798370646,57.360488798370646
2024-10-21 12:14:10,8.881784197000416e-15,8.881784197000416e-15
2024-10-21 12:14:15,125.72890025575437,125.72890025575437
2024-10-21 12:14:20,275.4443053817282,275.4443053817282
2024-10-21 12:14:25,8.881784197000416e-15,8.881784197000416e-15
2024-10-21 12:14:30,0.0,0.0
2024-10-21 12:14:35,59.999999999999964,59.999999999999964
2024-10-21 12:14:40,80.1121233356691,80.1121233356691
2024-10-21 12:14:45,-8.881784197000416e-15,-8.881784197000416e-15
2024-10-21 12:14:50,133.54017501988835,133.54017501988835
2024-10-21 12:14:55,8.881784197000416e-15,8.881784197000416e-15
2024-10-21 12:15:00,0.0,0.0
2024-10-21 12:15:05,-79.99999999999994,-79.99999999999994
2024-10-21 12:15:10,2428.189987163017,2428.189987163017
2024-10-21 12:15:15,-1.746940911745875e-14,-1.746940911745875e-14
2024-10-21 12:15:20,136.621078037009,136.621078037009
2024-10-21 12:15:25,-284.91265219693,-284.91265219693
2024-10-21 12:15:30,0.0,0.0
2024-10-21 12:15:35,333.0620985010704,333.0620985010704
2024-10-21 12:15:40,-357.14285714285694,-357.14285714285694
2024-10-21 12:15:45,99.99999999999997,99.99999999999997
2024-10-21 12:15:50,-4.819177470142997e-16,-4.819177470142997e-16
2024-10-21 12:15:55,59.80519480519473,59.80519480519473
2024-10-21 12:16:00,114.72312703583054,114.72312703583054
2024-10-21 12:16:05,159.99999999999991,159.99999999999991
2024-10-21 12:16:10,-199.99999999999986,-199.99999999999986
2024-10-21 12:16:15,0.0,0.0
2024-10-21 12:16:20,119.99999999999989,119.99999999999989
2024-10-21 12:16:25,0.0,0.0
2024-10-21 12:16:30,-39.999999999999964,-39.999999999999964
2024-10-21 12:16:35,-133.23615160349848,-133.23615160349848
2024-10-21 12:16:40,-248.88888888888818,-248.88888888888818
2024-10-21 12:16:45,-462.0566318926973,-462.0566318926973
2024-10-21 12:16:50,139.9999999999999,139.9999999999999
2024-10-21 12:16:55,0.0,0.0
2024-10-21 12:17:00,179.99999999999986,179.99999999999986
2024-10-21 12:17:05,99.99999999999994,99.99999999999994
2024-10-21 12:17:10,39.99999999999997,39.99999999999997
2024-10-21 12:17:15,79.99999999999996,79.99999999999996
2024-10-21 12:17:20,-404.2898792169924,-404.2898792169924
2024-10-21 12:17:25,-59.999999999999964,-59.999999999999964
2024-10-21 12:17:30,364.09356725146176,364.09356725146176
2024-10-21 12:17:35,-199.99999999999704,-199.99999999999704
2024-10-21 12:17:40,0.0,0.0
2024-10-21 12:17:45,287.7502081598673,287.7502081598673
2024-10-21 12:17:50,0.0,0.0
2024-10-21 12:17:55,-379.60396039603944,-379.60396039603944
2024-10-21 12:18:00,-251.06518282988878,-251.06518282988878
2024-10-21 12:18:05,-99.99999999999993,-99.99999999999993
2024-10-21 12:18:10,0.0,0.0
2024-10-21 12:18:15,0.0,0.0
2024-10-21 12:18:20,-79.99999999999996,-79.99999999999996
2024-10-21 12:18:25,0.0,0.0
2024-10-21 12:18:30,-9.638354940285994e-16,-9.638354940285994e-16
2024-10-21 12:18:35,170.04926108374408,170.04926108374408
2024-10-21 12:18:40,199.9999999999999,199.9999999999999
2024-10-21 12:18:45,2045.135135135133,2045.135135135133
2024-10-21 12:18:50,-101.55038759689899,-101.55038759689899
2024-10-21 12:18:55,0.0,0.0
2024-10-21 12:19:00,259.99999999999983,259.99999999999983
2024-10-21 12:19:05,209.85767790262165,209.85767790262165
2024-10-21 12:19:10,79.99999999999993,79.99999999999993
2024-10-21 12:19:15,0.0,0.0
2024-10-21 12:19:20,0.7272727272727437,0.7272727272727437
2024-10-21 12:19:25,0.0,0.0
2024-10-21 12:19:30,-313.9999999999997,-313.9999999999997
2024-10-21 12:19:35,3.745480777605886e-14,3.745480777605886e-14
2024-10-21 12:19:40,99.99999999999982,99.99999999999982
2024-10-21 12:19:45,2.8091105832044148e-14,2.8091105832044148e-14
2024-10-21 12:19:50,0.0,0.0
2024-10-21 12:19:55,4.819177470142997e-16,4.819177470142997e-16
2024-10-21 12:20:00,-75.63636363636351,-75.63636363636351
2024-10-21 12:20:05,0.0,0.0
2024-10-21 12:20:10,0.0,0.0
2024-10-21 12:20:15,-167.4626865671641,-167.4626865671641
2024-10-21 12:20:20,0.0,0.0
2024-10-21 12:20:25,79.99999999999996,79.99999999999996
2024-10-21 12:20:30,-159.9999999999999,-159.9999999999999
2024-10-21 12:20:35,0.0,0.0
2024-10-21 12:20:40,0.0,0.0
2024-10-21 12:20:45,0.0,0.0
2024-10-21 12:20:50,234.29454170957732,234.29454170957732
2024-10-21 12:20:55,16.969696969696923,16.969696969696923
2024-10-21 12:21:00,559.9999999999999,559.9999999999999
2024-10-21 12:21:05,398.99726526891465,398.99726526891465
2024-10-21 12:21:10,17.558685446009363,17.558685446009363
2024-10-21 12:21:15,274.77744807121667,274.77744807121667
2024-10-21 12:21:20,17.558685446009367,17.558685446009367
2024-10-21 12:21:25,219.9999999999997,219.9999999999997
2024-10-21 12:21:30,0.0,0.0
2024-10-21 12:21:35,0.0,0.0
2024-10-21 12:21:40,-59.999999999999964,-59.999999999999964
2024-10-21 12:21:45,4587.692307692301,4587.692307692301
2024-10-21 12:21:50,0.0,0.0
2024-10-21 12:21:55,0.0,0.0
2024-10-21 12:22:00,99.99999999999994,99.99999999999994
2024-10-21 12:22:05,-19.99999999999998,-19.99999999999998
2024-10-21 12:22:10,0.0,0.0
2024-10-21 12:22:15,39.99999999999997,39.99999999999997
2024-10-21 12:22:20,1509.2997198879539,1509.2997198879539
2024-10-21 12:22:25,59.99999999999992,59.99999999999992
2024-10-21 12:22:30,0.0,0.0
2024-10-21 12:22:35,-39.99999999999995,-39.99999999999995
2024-10-21 12:22:40,0.0,0.0
2024-10-21 12:22:45,0.0,0.0
2024-10-21 12:22:50,0.0,0.0
2024-10-21 12:22:55,0.0,0.0
2024-10-21 12:23:00,0.0,0.0
2024-10-21 12:23:05,315.700737618546,315.700737618546
2024-10-21 12:23:10,2668.69565217391,2668.69565217391
2024-10-21 12:23:15,0.0,0.0
2024-10-21 12:23:20,-135.82089552238816,-135.82089552238816
2024-10-21 12:23:25,-76.19047619047605,-76.19047619047605
2024-10-21 12:23:30,140.00000000000102,140.00000000000102
2024-10-21 12:23:35,759.0575165740895,759.0575165740895
2024-10-21 12:23:40,59.999999999999964,59.999999999999964
2024-10-21 12:23:45,0.0,0.0
2024-10-21 12:23:50,-89.83240223463675,-89.83240223463675
2024-10-21 12:23:55,1334.4220816561233,1334.4220816561233
2024-10-21 12:24:00,204.96919917864452,204.96919917864452
2024-10-21 12:24:05,0.0,0.0
2024-10-21 12:24:10,454.5250096936785,454.5250096936785
2024-10-21 12:24:15,-100.00000000000004,-100.00000000000004
2024-10-21 12:24:20,0.0,0.0
2024-10-21 12:24:25,-80.0,-80.0
2024-10-21 12:24:30,-80.0,-80.0
2024-10-21 12:24:35,-40.000000000000014,-40.000000000000014
2024-10-21 12:24:40,430.658421244091,430.658421244091
2024-10-21 12:24:45,0.0,0.0
2024-10-21 12:24:50,0.0,0.0
2024-10-21 12:24:55,338.0544747081707,338.0544747081707
2024-10-21 12:25:00,79.85467756584917,79.85467756584917
2024-10-21 12:25:05,-1853.3333333333312,-1853.3333333333312
2024-10-21 12:25:10,-19.999999999999986,-19.999999999999986
2024-10-21 12:25:15,7.4584821098835575e-16,7.4584821098835575e-16
2024-10-21 12:25:20,0.0,0.0
2024-10-21 12:25:25,-7.208986859908935e-15,-7.208986859908935e-15
2024-10-21 12:25:30,-52.21902017291058,-52.21902017291058
2024-10-21 12:25:35,-49.21348314606741,-49.21348314606741
2024-10-21 12:25:40,7.4584821098835575e-16,7.4584821098835575e-16
2024-10-21 12:25:45,7.4584821098835575e-16,7.4584821098835575e-16
2024-10-21 12:25:50,1.7469409117458747e-14,1.7469409117458747e-14
2024-10-21 12:25:55,0.0,0.0
2024-10-21 12:26:00,-79.99999999999991,-79.99999999999991
2024-10-21 12:26:05,-170.6508875739516,-170.6508875739516
2024-10-21 12:26:10,-204.4221105527636,-204.4221105527636
2024-10-21 12:26:15,0.0,0.0
2024-10-21 12:26:20,1.229893540691699e-13,1.229893540691699e-13
2024-10-21 12:26:25,-199.9999999999997,-199.9999999999997
2024-10-21 12:26:30,-2.446918259611332e-14,-2.446918259611332e-14
2024-10-21 12:26:35,0.0,0.0
2024-10-21 12:26:40,-832.7326440177253,-832.7326440177253
2024-10-21 12:26:45,1.3939387208887189e-14,1.3939387208887189e-14
2024-10-21 12:26:50,-9.175943473542495e-15,-9.175943473542495e-15
2024-10-21 12:26:55,0.0,0.0
2024-10-21 12:27:00,28.852459016393414,28.852459016393414
2024-10-21 12:27:05,512.7272727272725,512.7272727272725
2024-10-21 12:27:10,0.0,0.0
2024-10-21 12:27:15,-59.99999999999997,-59.99999999999997
2024-10-21 12:27:20,-159.99999999999997,-159.99999999999997
2024-10-21 12:27:25,-99.99999999999996,-99.99999999999996
2024-10-21 12:27:30,5.428992667443044e-16,5.428992667443044e-16
2024-10-21 12:27:35,-326.6104553119727,-326.6104553119727
2024-10-21 12:27:40,-179.9999999999999,-179.9999999999999
2024-10-21 12:27:45,-120.00000000000068,-120.00000000000068
2024-10-21 12:27:50,-3219.999999999979,-3219.999999999979
2024-10-21 12:27:55,-61.17073170731695,-61.17073170731695
2024-10-21 12:28:00,0.0,0.0
2024-10-21 12:28:05,0.0,0.0
2024-10-21 12:28:10,-36.92307692307689,-36.92307692307689
2024-10-21 12:28:15,146.2820512820511,146.2820512820511
2024-10-21 12:28:20,29.629629629629573,29.629629629629573
2024-10-21 12:28:25,0.0,0.0
2024-10-21 12:28:30,6.885245901639346,6.885245901639346
2024-10-21 12:28:35,74.58937198067632,74.58937198067632
2024-10-21 12:28:40,39.999999999999986,39.999999999999986
2024-10-21 12:28:45,59.999999999999964,59.999999999999964
2024-10-21 12:28:50,0.0,0.0
2024-10-21 12:28:55,-529.8583569405105,-529.8583569405105
2024-10-21 12:29:00,89399.99999999958,89399.99999999958
2024-10-21 12:29:05,-539.9999999999995,-539.9999999999995
2024-10-21 12:29:10,-77.03703703703702,-77.03703703703702
2024-10-21 12:29:15,21.379310344827545,21.379310344827545
2024-10-21 12:29:20,0.0,0.0
2024-10-21 12:29:25,52.499999999999936,52.499999999999936
2024-10-21 12:29:30,0.0,0.0
2024-10-21 12:29:35,0.0,0.0
2024-10-21 12:29:40,0.0,0.0
2024-10-21 12:29:45,16781.428571428572,16781.428571428572
2024-10-21 12:29:50,1716.0655737704901,1716.0655737704901
2024-10-21 12:29:55,-9.363701944014715e-15,-9.363701944014715e-15
2024-10-21 12:30:00,99.9999999999999,99.9999999999999
2024-10-21 12:30:05,19.999999999999982,19.999999999999982
2024-10-21 12:30:10,1450.1762632197415,1450.1762632197415
2024-10-21 12:30:15,0.0,0.0
2024-10-21 12:30:20,0.0,0.0
2024-10-21 12:30:25,0.0,0.0
2024-10-21 12:30:30,171.27753303964744,171.27753303964744
2024-10-21 12:30:35,26.182965299684483,26.182965299684483
2024-10-21 12:30:40,1184.236453201969,1184.236453201969
2024-10-21 12:30:45,0.0,0.0
2024-10-21 12:30:50,458.3132530120479,458.3132530120479
2024-10-21 12:30:55,-1.7763568394000832e-14,-1.7763568394000832e-14
2024-10-21 12:31:00,-497.4545454545925,-497.4545454545925
2024-10-21 12:31:05,-8.881784197000416e-15,-8.881784197000416e-15
2024-10-21 12:31:10,-159.17808219178133,-159.17808219178133
2024-10-21 12:31:15,-383.44827586206844,-383.44827586206844
2024-10-21 12:31:20,-39.99999999999988,-39.99999999999988
2024-10-21 12:31:25,-8.881784197000416e-15,-8.881784197000416e-15
2024-10-21 12:31:30,-139.99999999999983,-139.99999999999983
2024-10-21 12:31:35,222.96296296296305,222.96296296296305
2024-10-21 12:31:40,79.99999999999993,79.99999999999993
2024-10-21 12:31:45,110.42253521126756,110.42253521126756
2024-10-21 12:31:50,40.55832502492522,40.55832502492522
2024-10-21 12:31:55,4.819177470142997e-16,4.819177470142997e-16
2024-10-21 12:32:00,19.33787731256083,19.33787731256083
2024-10-21 12:32:05,237.68339768339763,237.68339768339763
2024-10-21 12:32:10,452.2911051212939,452.2911051212939
2024-10-21 12:32:15,1538.1679389312974,1538.1679389312974
2024-10-21 12:32:20,-1.0861947405523778e-14,-1.0861947405523778e-14
2024-10-21 12:32:25,67.19576719576726,67.19576719576726
2024-10-21 12:32:30,0.0,0.0
2024-10-21 12:32:35,295.2353450765219,295.2353450765219
2024-10-21 12:32:40,0.0,0.0
2024-10-21 12:32:45,79.99999999999991,79.99999999999991
2024-10-21 12:32:50,0.0,0.0
2024-10-21 12:32:55,19.999999999999982,19.999999999999982
2024-10-21 12:33:00,-19.99999999999999,-19.99999999999999
2024-10-21 12:33:05,-2313.089005235599,-2313.089005235599
2024-10-21 12:33:10,-59.99999999999997,-59.99999999999997
2024-10-21 12:33:15,28.37606837606834,28.37606837606834
2024-10-21 12:33:20,-439.64912280701714,-439.64912280701714
2024-10-21 12:33:25,119.99999999999982,119.99999999999982
2024-10-21 12:33:30,0.0,0.0
2024-10-21 12:33:35,39.999999999999986,39.999999999999986
2024-10-21 12:33:40,7.4584821098835575e-16,7.4584821098835575e-16
2024-10-21 12:33:45,190.67961165048553,190.67961165048553
2024-10-21 12:33:50,125.71428571428545,125.71428571428545
2024-10-21 12:33:55,57.66342141863692,57.66342141863692
2024-10-21 12:34:00,495.0093808630391,495.0093808630391
2024-10-21 12:34:05,-19.999999999999986,-19.999999999999986
2024-10-21 12:34:10,74.7572815533978,74.7572815533978
2024-10-21 12:34:15,-4.819177470142997e-16,-4.819177470142997e-16
2024-10-21 12:34:20,111.83673469387762,111.83673469387762
2024-10-21 12:34:25,-39.999999999999964,-39.999999999999964
2024-10-21 12:34:30,-159.9999999999999,-159.9999999999999
2024-10-21 12:34:35,-299.9999999999998,-299.9999999999998
2024-10-21 12:34:40,133.68888888887648,133.68888888887648
2024-10-21 12:34:45,0.0,0.0
2024-10-21 12:34:50,299.9999999999997,299.9999999999997
2024-10-21 12:34:55,126.00858369098698,126.00858369098698
2024-10-21 12:35:00,23.999999999999968,23.999999999999968
2024-10-21 12:35:05,21.77545691906003,21.77545691906003
2024-10-21 12:35:10,91.9834710743801,91.9834710743801
2024-10-21 12:35:15,15.565410199556538,15.565410199556538
2024-10-21 12:35:20,539.3758335556165,539.3758335556165
2024-10-21 12:35:25,0.0,0.0
2024-10-21 12:35:30,0.0,0.0
2024-10-21 12:35:35,39.99999999999998,39.99999999999998
2024-10-21 12:35:40,0.0,0.0
2024-10-21 12:35:45,-116.45320197044319,-116.45320197044319
2024-10-21 12:35:50,246.31984585741841,246.31984585741841
2024-10-21 12:35:55,-179.62546816479443,-179.62546816479443
2024-10-21 12:36:00,59.99999999999996,59.99999999999996
2024-10-21 12:36:05,239.99999999999974,239.99999999999974
2024-10-21 12:36:10,-19.99999999999999,-19.99999999999999
2024-10-21 12:36:15,0.0,0.0
2024-10-21 12:36:20,0.0,0.0
2024-10-21 12:36:25,0.0,0.0
2024-10-21 12:36:30,0.0,0.0
2024-10-21 12:36:35,0.0,0.0
2024-10-21 12:36:40,59.99999999999996,59.99999999999996
2024-10-21 12:36:45,0.0,0.0
2024-10-21 12:36:50,102.44604316546727,102.44604316546727
2024-10-21 12:36:55,-851.8918918918874,-851.8918918918874
2024-10-21 12:37:00,651.8951612903218,651.8951612903218
2024-10-21 12:37:05,109.50612699591518,109.50612699591518
2024-10-21 12:37:10,19.99999999999998,19.99999999999998
2024-10-21 12:37:15,99.99999999999993,99.99999999999993
2024-10-21 12:37:20,19.99999999999998,19.99999999999998
2024-10-21 12:37:25,59.999999999999936,59.999999999999936
2024-10-21 12:37:30,0.0,0.0
2024-10-21 12:37:35,119.99999999999989,119.99999999999989
2024-10-21 12:37:40,39.99999999999996,39.99999999999996
2024-10-21 12:37:45,161.33891213389091,161.33891213389091
2024-10-21 12:37:50,159.99999999999991,159.99999999999991
2024-10-21 12:37:55,8.829243681190439e-16,8.829243681190439e-16
2024-10-21 12:38:00,300.00000000000034,300.00000000000034
2024-10-21 12:38:05,0.0,0.0
2024-10-21 12:38:10,-59.99999999999998,-59.99999999999998
2024-10-21 12:38:15,39.99999999999998,39.99999999999998
2024-10-21 12:38:20,705.0264861683332,705.0264861683332
2024-10-21 12:38:25,183.60601001669426,183.60601001669426
2024-10-21 12:38:30,586.5374259558425,586.5374259558425
2024-10-21 12:38:35,199.99999999999991,199.99999999999991
2024-10-21 12:38:40,79.99999999999996,79.99999999999996
2024-10-21 12:38:45,0.0,0.0
2024-10-21 12:38:50,133.03225806451601,133.03225806451601
2024-10-21 12:38:55,19.999999999999982,19.999999999999982
2024-10-21 12:39:00,4.080574931309377e-15,4.080574931309377e-15
2024-10-21 12:39:05,373.7467700258398,373.7467700258398
2024-10-21 12:39:10,38.43137254901957,38.43137254901957
2024-10-21 12:39:15,59.999999999999936,59.999999999999936
2024-10-21 12:39:20,19.99999999999999,19.99999999999999
2024-10-21 12:39:25,0.0,0.0
2024-10-21 12:39:30,113.74431531076286,113.74431531076286
2024-10-21 12:39:35,39.99999999999996,39.99999999999996
2024-10-21 12:39:40,19.99999999999999,19.99999999999999
2024-10-21 12:39:45,0.0,0.0
2024-10-21 12:39:50,0.0,0.0
2024-10-21 12:39:55,0.0,0.0
2024-10-21 12:40:00,79.99999999999999,79.99999999999999
2024-10-21 12:40:05,-8.881784197000416e-15,-8.881784197000416e-15
2024-10-21 12:40:10,0.0,0.0
2024-10-21 12:40:15,-107.99999999999983,-107.99999999999983
2024-10-21 12:40:20,346.5027499191179,346.5027499191179
2024-10-21 12:40:25,153.29008341056542,153.29008341056542
2024-10-21 12:40:30,-4.819177470142997e-16,-4.819177470142997e-16
2024-10-21 12:40:35,25.80498866213147,25.80498866213147
2024-10-21 12:40:40,139.99999999999986,139.99999999999986
2024-10-21 12:40:45,-137.82945736434093,-137.82945736434093
2024-10-21 12:40:50,-137.82945736434095,-137.82945736434095
2024-10-21 12:40:55,1.1646272744972526e-14,1.1646272744972526e-14
2024-10-21 12:41:00,99.43342776203964,99.43342776203964
2024-10-21 12:41:05,-7.4584821098835575e-16,-7.4584821098835575e-16
2024-10-21 12:41:10,0.0,0.0
2024-10-21 12:41:15,0.0,0.0
2024-10-21 12:41:20,59.99999999999996,59.99999999999996
2024-10-21 12:41:25,0.0,0.0
2024-10-21 12:41:30,-7.4584821098835575e-16,-7.4584821098835575e-16
2024-10-21 12:41:35,600.9577710056595,600.9577710056595
2024-10-21 12:41:40,59.99999999999992,59.99999999999992
2024-10-21 12:41:45,452.9044537495241,452.9044537495241
2024-10-21 12:41:50,59.999999999999986,59.999999999999986
2024-10-21 12:41:55,0.0,0.0
2024-10-21 12:42:00,1.529323912257082e-14,1.529323912257082e-14
2024-10-21 12:42:05,39.99999999999996,39.99999999999996
2024-10-21 12:42:10,159.99999999999986,159.99999999999986
2024-10-21 12:42:15,-119.65367965367952,-119.65367965367952
2024-10-21 12:42:20,615.7029177718828,615.7029177718828
2024-10-21 12:42:25,0.0,0.0
2024-10-21 12:42:30,599.9999999999998,599.9999999999998
2024-10-21 12:42:35,-10.066465256796507,-10.066465256796507
2024-10-21 12:42:40,39.99999999999994,39.99999999999994
2024-10-21 12:42:45,0.0,0.0
2024-10-21 12:42:50,0.0,0.0
2024-10-21 12:42:55,0.0,0.0
2024-10-21 12:43:00,79.99999999999999,79.99999999999999
2024-10-21 12:43:05,-299.16492693110627,-299.16492693110627
2024-10-21 12:43:10,79.99999999999989,79.99999999999989
2024-10-21 12:43:15,-59.999999999999964,-59.999999999999964
2024-10-21 12:43:20,0.0,0.0
2024-10-21 12:43:25,656.3696369636959,656.3696369636959
2024-10-21 12:43:30,-419.99999999999955,-419.99999999999955
2024-10-21 12:43:35,0.0,0.0
2024-10-21 12:43:40,0.0,0.0
2024-10-21 12:43:45,39.99999999999998,39.99999999999998
2024-10-21 12:43:50,20.066390041493726,20.066390041493726
2024-10-21 12:43:55,78.9661725579627,78.9661725579627
2024-10-21 12:44:00,-341.2553846153839,-341.2553846153839
2024-10-21 12:44:05,0.0,0.0
2024-10-21 12:44:10,2264.999999999996,2264.999999999996
2024-10-21 12:44:15,0.0,0.0
2024-10-21 12:44:20,355.5711775043939,355.5711775043939
2024-10-21 12:44:25,39.89452867501644,39.89452867501644
2024-10-21 12:44:30,0.0,0.0
2024-10-21 12:44:35,92.36641221374053,92.36641221374053
2024-10-21 12:44:40,86.66666666666669,86.66666666666669
2024-10-21 12:44:45,39.99999999999996,39.99999999999996
2024-10-21 12:44:50,0.0,0.0
2024-10-21 12:44:55,60.19884009942007,60.19884009942007
2024-10-21 12:45:00,507.6640098099327,507.6640098099327
2024-10-21 12:45:05,308.14577492991634,308.14577492991634
2024-10-21 12:45:10,0.0,0.0
2024-10-21 12:45:15,59.999999999999964,59.999999999999964
2024-10-21 12:45:20,0.0,0.0
2024-10-21 12:45:25,0.0,0.0
2024-10-21 12:45:30,0.0,0.0
2024-10-21 12:45:35,-39.99999999999997,-39.99999999999997
2024-10-21 12:45:40,57.17546362339507,57.17546362339507
2024-10-21 12:45:45,19.999999999999982,19.999999999999982
2024-10-21 12:45:50,0.0,0.0
2024-10-21 12:45:55,0.0,0.0
2024-10-21 12:46:00,58.81188118811876,58.81188118811876
2024-10-21 12:46:05,0.0,0.0
2024-10-21 12:46:10,134.8148148148148,134.8148148148148
2024-10-21 12:46:15,39.80049875311718,39.80049875311718
2024-10-21 12:46:20,19.603960396039593,19.603960396039593
2024-10-21 12:46:25,-85.71428571428567,-85.71428571428567
2024-10-21 12:46:30,-19.99999999999999,-19.99999999999999
2024-10-21 12:46:35,-119.99999999999987,-119.99999999999987
2024-10-21 12:46:40,-39.999999999999964,-39.999999999999964
2024-10-21 12:46:45,-59.99999999999994,-59.99999999999994
2024-10-21 12:46:50,-3.4720156178147432e-15,-3.4720156178147432e-15
2024-10-21 12:46:55,0.0,0.0
2024-10-21 12:47:00,-59.99999999999996,-59.99999999999996
2024-10-21 12:47:05,927.1900826446271,927.1900826446271
2024-10-21 12:47:10,39.99999999999995,39.99999999999995
2024-10-21 12:47:15,67.08333333333378,67.08333333333378
2024-10-21 12:47:20,0.0,0.0
2024-10-21 12:47:25,470.5663881151302,470.5663881151302
2024-10-21 12:47:30,268.6956521739123,268.6956521739123
2024-10-21 12:47:35,534.6987951807248,534.6987951807248
2024-10-21 12:47:40,19.999999999999986,19.999999999999986
2024-10-21 12:47:45,0.0,0.0
2024-10-21 12:47:50,0.0,0.0
2024-10-21 12:47:55,0.0,0.0
2024-10-21 12:48:00,0.0,0.0
2024-10-21 12:48:05,405.58339298496776,405.58339298496776
2024-10-21 12:48:10,59.999999999999936,59.999999999999936
2024-10-21 12:48:15,419.75476839237024,419.75476839237024
2024-10-21 12:48:20,-80.38461538461505,-80.38461538461505
2024-10-21 12:48:25,107.08771929824566,107.08771929824566
2024-10-21 12:48:30,219.99999999999983,219.99999999999983
2024-10-21 12:48:35,204.35312024351353,204.35312024351353
2024-10-21 12:48:40,42.674772036355975,42.674772036355975
2024-10-21 12:48:45,163.38722093918423,163.38722093918423
2024-10-21 12:48:50,0.0,0.0
2024-10-21 12:48:55,-39.99999999999998,-39.99999999999998
2024-10-21 12:49:00,99.9999999999999,99.9999999999999
2024-10-21 12:49:05,119.99999999999991,119.99999999999991
2024-10-21 12:49:10,604.3902439024391,604.3902439024391
2024-10-21 12:49:15,59.99999999999997,59.99999999999997
2024-10-21 12:49:20,39.99999999999998,39.99999999999998
2024-10-21 12:49:25,-7.655398037077424,-7.655398037077424
2024-10-21 12:49:30,29.83161325366646,29.83161325366646
2024-10-21 12:49:35,139.99999999999991,139.99999999999991
2024-10-21 12:49:40,19.999999999999986,19.999999999999986
2024-10-21 12:49:45,959.6788789957667,959.6788789957667
2024-10-21 12:49:50,0.0,0.0
2024-10-21 12:49:55,39.99999999999998,39.99999999999998
2024-10-21 12:50:00,-79.99999999999996,-79.99999999999996
2024-10-21 12:50:05,79.9999999999998,79.9999999999998
2024-10-21 12:50:10,601.2850082372316,601.2850082372316
2024-10-21 12:50:15,372.2140699179957,372.2140699179957
2024-10-21 12:50:20,1698.4615384615347,1698.4615384615347
2024-10-21 12:50:25,39.99999999999996,39.99999999999996
2024-10-21 12:50:30,39.99999999999998,39.99999999999998
2024-10-21 12:50:35,-59.99999999999996,-59.99999999999996
2024-10-21 12:50:40,0.0,0.0
2024-10-21 12:50:45,59.99999999999996,59.99999999999996
2024-10-21 12:50:50,39.99999999999998,39.99999999999998
2024-10-21 12:50:55,99.99999999999996,99.99999999999996
2024-10-21 12:51:00,99.99999999999996,99.99999999999996
2024-10-21 12:51:05,0.0,0.0
2024-10-21 12:51:10,79.99999999999996,79.99999999999996
2024-10-21 12:51:15,469.47775628626596,469.47775628626596
2024-10-21 12:51:20,119.99999999999993,119.99999999999993
2024-10-21 12:51:25,79.99999999999996,79.99999999999996
2024-10-21 12:51:30,39.99999999999998,39.99999999999998
2024-10-21 12:51:35,59.99999999999996,59.99999999999996
2024-10-21 12:51:40,195.54565701559042,195.54565701559042
2024-10-21 12:51:45,1613.0718954248352,1613.0718954248352
2024-10-21 12:51:50,64.77332334207564,64.77332334207564
2024-10-21 12:51:55,19.99999999999998,19.99999999999998
2024-10-21 12:52:00,0.0,0.0
2024-10-21 12:52:05,60.0000000000005,60.0000000000005
2024-10-21 12:52:10,8.881784197000416e-15,8.881784197000416e-15
2024-10-21 12:52:15,331.1354876964124,331.1354876964124
2024-10-21 12:52:20,-437.58454106280146,-437.58454106280146
2024-10-21 12:52:25,-139.99999999999991,-139.99999999999991
2024-10-21 12:52:30,198.95240373116505,198.95240373116505
2024-10-21 12:52:35,0.0,0.0
2024-10-21 12:52:40,0.0,0.0
2024-10-21 12:52:45,0.0,0.0
2024-10-21 12:52:50,-77.14285714289664,-77.14285714289664
2024-10-21 12:52:55,691.4154200230149,691.4154200230149
2024-10-21 12:53:00,-39.99999999999996,-39.99999999999996
2024-10-21 12:53:05,0.0,0.0
2024-10-21 12:53:10,-59.99999999999996,-59.99999999999996
2024-10-21 12:53:15,0.0,0.0
2024-10-21 12:53:20,0.0,0.0
2024-10-21 12:53:25,-39.99999999999998,-39.99999999999998
2024-10-21 12:53:30,0.0,0.0
2024-10-21 12:53:35,30.212765957446738,30.212765957446738
2024-10-21 12:53:40,-15.53516819571865,-15.53516819571865
2024-10-21 12:53:45,0.0,0.0
2024-10-21 12:53:50,0.0,0.0
2024-10-21 12:53:55,59.99999999999994,59.99999999999994
2024-10-21 12:54:00,1359.4202898550723,1359.4202898550723
2024-10-21 12:54:05,4.819177470142997e-16,4.819177470142997e-16
2024-10-21 12:54:10,0.0,0.0
2024-10-21 12:54:15,18.23475887170152,18.23475887170152
2024-10-21 12:54:20,2150.1886792452806,2150.1886792452806
2024-10-21 12:54:25,31.081593927893664,31.081593927893664
2024-10-21 12:54:30,-48.88888888888886,-48.88888888888886
2024-10-21 12:54:35,0.0,0.0
2024-10-21 12:54:40,-374.0468227424746,-374.0468227424746
2024-10-21 12:54:45,0.0,0.0
2024-10-21 12:54:50,0.0,0.0
2024-10-21 12:54:55,-568.2119205298008,-568.2119205298008
2024-10-21 12:55:00,39.99999999999997,39.99999999999997
2024-10-21 12:55:05,555.0522648083601,555.0522648083601
2024-10-21 12:55:10,119.99999999999993,119.99999999999993
2024-10-21 12:55:15,139.9999999999999,139.9999999999999
2024-10-21 12:55:20,406.0574412532632,406.0574412532632
2024-10-21 12:55:25,-8.881784197000416e-15,-8.881784197000416e-15
2024-10-21 12:55:30,0.0,0.0
2024-10-21 12:55:35,-59.99999999999997,-59.99999999999997
2024-10-21 12:55:40,209.19605077574,209.19605077574
2024-10-21 12:55:45,-49.677419354838655,-49.677419354838655
2024-10-21 12:55:50,-16.363636363636346,-16.363636363636346
2024-10-21 12:55:55,0.0,0.0
2024-10-21 12:56:00,-59.99999999999994,-59.99999999999994
2024-10-21 12:56:05,-79.99999999999989,-79.99999999999989
2024-10-21 12:56:10,0.0,0.0
2024-10-21 12:56:15,0.0,0.0
2024-10-21 12:56:20,511.4376996805106,511.4376996805106
2024-10-21 12:56:25,39.41931127616472,39.41931127616472
2024-10-21 12:56:30,0.0,0.0
2024-10-21 12:56:35,0.0,0.0
2024-10-21 12:56:40,79.99999999999996,79.99999999999996
2024-10-21 12:56:45,223.7659963436927,223.7659963436927
2024-10-21 12:56:50,79.99999999999993,79.99999999999993
2024-10-21 12:56:55,1038.4158415841569,1038.4158415841569
2024-10-21 12:57:00,4.819177470142997e-16,4.819177470142997e-16
2024-10-21 12:57:05,-9.75326825820375e-15,-9.75326825820375e-15
2024-10-21 12:57:10,-1.2304277563651502e-14,-1.2304277563651502e-14
2024-10-21 12:57:15,0.0,0.0
2024-10-21 12:57:20,0.0,0.0
2024-10-21 12:57:25,48.62828713574977,48.62828713574977
2024-10-21 12:57:30,-1.765407819762697e-14,-1.765407819762697e-14
2024-10-21 12:57:35,-72.38095238095234,-72.38095238095234
2024-10-21 12:57:40,39.999999999999964,39.999999999999964
2024-10-21 12:57:45,39.99999999999996,39.99999999999996
2024-10-21 12:57:50,0.0,0.0
2024-10-21 12:57:55,0.0,0.0
2024-10-21 12:58:00,127.37430167597843,127.37430167597843
2024-10-21 12:58:05,-8.881784197000416e-15,-8.881784197000416e-15
2024-10-21 12:58:10,3797.1165644171842,3797.1165644171842
2024-10-21 12:58:15,-139.99999999999997,-139.99999999999997
2024-10-21 12:58:20,8.881784197000416e-15,8.881784197000416e-15
2024-10-21 12:58:25,-4.7577092511013355,-4.7577092511013355
2024-10-21 12:58:30,0.0,0.0
2024-10-21 12:58:35,373.76146788990803,373.76146788990803
2024-10-21 12:58:40,39.999999999999964,39.999999999999964
2024-10-21 12:58:45,0.0,0.0
2024-10-21 12:58:50,79.99999999999994,79.99999999999994
2024-10-21 12:58:55,-240.0,-240.0
2024-10-21 12:59:00,3.379528582170205e-14,3.379528582170205e-14
2024-10-21 12:59:05,0.0,0.0
2024-10-21 12:59:10,0.0,0.0
2024-10-21 12:59:15,39.99999999999997,39.99999999999997
2024-10-21 12:59:20,0.0,0.0
2024-10-21 12:59:25,-59.99999999999993,-59.99999999999993
2024-10-21 12:59:30,4.640657084188912,4.640657084188912
2024-10-21 12:59:35,0.0,0.0
2024-10-21 12:59:40,99.99999999999997,99.99999999999997
2024-10-21 12:59:45,0.0,0.0
2024-10-21 12:59:50,0.0,0.0
2024-10-21 12:59:55,7.257240204429298,7.257240204429298
2024-10-21 13:00:00,99.9999999999999,99.9999999999999
2024-10-21 13:00:05,119.99999999999987,119.99999999999987
2024-10-21 13:00:10,39.99999999999995,39.99999999999995
2024-10-21 13:00:15,0.0,0.0
2024-10-21 13:00:20,7269.361702127692,7269.361702127692
2024-10-21 13:00:25,0.0,0.0
2024-10-21 13:00:30,0.0,0.0
2024-10-21 13:00:35,-120.00000000000036,-120.00000000000036
2024-10-21 13:00:40,39.99999999999996,39.99999999999996
2024-10-21 13:00:45,2380.6489675516195,2380.6489675516195
2024-10-21 13:00:50,19.99999999999999,19.99999999999999
2024-10-21 13:00:55,7.730190232499592e-15,7.730190232499592e-15
2024-10-21 13:01:00,-79.9999999999999,-79.9999999999999
2024-10-21 13:01:05,847.7601809954887,847.7601809954887
2024-10-21 13:01:10,185.19514086327194,185.19514086327194
2024-10-21 13:01:15,19.90068280571072,19.90068280571072
2024-10-21 13:01:20,99.99999999999996,99.99999999999996
2024-10-21 13:01:25,0.0,0.0
2024-10-21 13:01:30,19.60396039603958,19.60396039603958
2024-10-21 13:01:35,79.99999999999993,79.99999999999993
2024-10-21 13:01:40,119.91973732214511,119.91973732214511
2024-10-21 13:01:45,159.99999999999991,159.99999999999991
2024-10-21 13:01:50,-218.76332622601285,-218.76332622601285
2024-10-21 13:01:55,-501.42721217887623,-501.42721217887623
2024-10-21 13:02:00,-6509.594095940957,-6509.594095940957
2024-10-21 13:02:05,-276.96202531645486,-276.96202531645486
2024-10-21 13:02:10,-79.9999999999999,-79.9999999999999
2024-10-21 13:02:15,-1838.257839721253,-1838.257839721253
2024-10-21 13:02:20,-219.99999999999991,-219.99999999999991
2024-10-21 13:02:25,-1104.5705024311176,-1104.5705024311176
2024-10-21 13:02:30,0.0,0.0
2024-10-21 13:02:35,-1784.064386317906,-1784.064386317906
2024-10-21 13:02:40,-599.9999999999998,-599.9999999999998
2024-10-21 13:02:45,59.999999999999936,59.999999999999936
2024-10-21 13:02:50,-99.99999999999994,-99.99999999999994
2024-10-21 13:02:55,-19.99999999999999,-19.99999999999999
2024-10-21 13:03:00,-1.5293239122570823e-14,-1.5293239122570823e-14
2024-10-21 13:03:05,-419.9999999999998,-419.9999999999998
2024-10-21 13:03:10,-992.7079646017696,-992.7079646017696
2024-10-21 13:03:15,0.0,0.0
2024-10-21 13:03:20,-1123.5474006116199,-1123.5474006116199
2024-10-21 13:03:25,-3.5527136788001665e-14,-3.5527136788001665e-14
2024-10-21 13:03:30,0.0,0.0
2024-10-21 13:03:35,-33.277310924369715,-33.277310924369715
2024-10-21 13:03:40,-78.274111675127,-78.274111675127
2024-10-21 13:03:45,-123.56164383561637,-123.56164383561637
2024-10-21 13:03:50,-0.9917355371900821,-0.9917355371900821
2024-10-21 13:03:55,-260.48943270300356,-260.48943270300356
2024-10-21 13:04:00,-79.99999999999993,-79.99999999999993
2024-10-21 13:04:05,-8.881784197000416e-15,-8.881784197000416e-15
2024-10-21 13:04:10,-99.99999999999993,-99.99999999999993
2024-10-21 13:04:15,1579.534883720929,1579.534883720929
2024-10-21 13:04:20,-75.21126760563367,-75.21126760563367
