,ts_event,price
0,2024-10-21 11:54:25+00:00,233.54
1,2024-10-21 11:54:30+00:00,
2,2024-10-21 11:54:35+00:00,233.74
3,2024-10-21 11:54:40+00:00,233.7
4,2024-10-21 11:54:45+00:00,
5,2024-10-21 11:54:50+00:00,233.67
6,2024-10-21 11:54:55+00:00,233.75
7,2024-10-21 11:55:00+00:00,
8,2024-10-21 11:55:05+00:00,233.77
9,2024-10-21 11:55:10+00:00,233.59
10,2024-10-21 11:55:15+00:00,
11,2024-10-21 11:55:20+00:00,233.6
12,2024-10-21 11:55:25+00:00,233.73
13,2024-10-21 11:55:30+00:00,233.67
14,2024-10-21 11:55:35+00:00,233.74
15,2024-10-21 11:55:40+00:00,233.54
16,2024-10-21 11:55:45+00:00,
17,2024-10-21 11:55:50+00:00,233.56
18,2024-10-21 11:55:55+00:00,233.47
19,2024-10-21 11:56:00+00:00,
20,2024-10-21 11:56:05+00:00,234.0
21,2024-10-21 11:56:10+00:00,233.78
22,2024-10-21 11:56:15+00:00,233.83
23,2024-10-21 11:56:20+00:00,233.48
24,2024-10-21 11:56:25+00:00,234.0
25,2024-10-21 11:56:30+00:00,233.77
26,2024-10-21 11:56:35+00:00,
27,2024-10-21 11:56:40+00:00,233.72
28,2024-10-21 11:56:45+00:00,233.77
29,2024-10-21 11:56:50+00:00,233.79
30,2024-10-21 11:56:55+00:00,233.78
31,2024-10-21 11:57:00+00:00,233.72
32,2024-10-21 11:57:05+00:00,233.68
33,2024-10-21 11:57:10+00:00,233.59
34,2024-10-21 11:57:15+00:00,233.68
35,2024-10-21 11:57:20+00:00,233.71
36,2024-10-21 11:57:25+00:00,233.78
37,2024-10-21 11:57:30+00:00,233.74
38,2024-10-21 11:57:35+00:00,233.54
39,2024-10-21 11:57:40+00:00,233.5
40,2024-10-21 11:57:45+00:00,233.49
41,2024-10-21 11:57:50+00:00,233.8
42,2024-10-21 11:57:55+00:00,233.79
43,2024-10-21 11:58:00+00:00,
44,2024-10-21 11:58:05+00:00,233.51
45,2024-10-21 11:58:10+00:00,233.78
46,2024-10-21 11:58:15+00:00,233.84
47,2024-10-21 11:58:20+00:00,233.55
48,2024-10-21 11:58:25+00:00,
49,2024-10-21 11:58:30+00:00,233.56
50,2024-10-21 11:58:35+00:00,233.85
51,2024-10-21 11:58:40+00:00,233.5
52,2024-10-21 11:58:45+00:00,
53,2024-10-21 11:58:50+00:00,233.7
54,2024-10-21 11:58:55+00:00,233.7
55,2024-10-21 11:59:00+00:00,233.61
56,2024-10-21 11:59:05+00:00,233.54
57,2024-10-21 11:59:10+00:00,
58,2024-10-21 11:59:15+00:00,
59,2024-10-21 11:59:20+00:00,233.84
60,2024-10-21 11:59:25+00:00,233.6
61,2024-10-21 11:59:30+00:00,233.6
62,2024-10-21 11:59:35+00:00,
63,2024-10-21 11:59:40+00:00,233.61
64,2024-10-21 11:59:45+00:00,
65,2024-10-21 11:59:50+00:00,
66,2024-10-21 11:59:55+00:00,233.59
67,2024-10-21 12:00:00+00:00,233.56
68,2024-10-21 12:00:05+00:00,233.89
69,2024-10-21 12:00:10+00:00,233.65
70,2024-10-21 12:00:15+00:00,233.44
71,2024-10-21 12:00:20+00:00,
72,2024-10-21 12:00:25+00:00,
73,2024-10-21 12:00:30+00:00,233.42
74,2024-10-21 12:00:35+00:00,233.44
75,2024-10-21 12:00:40+00:00,233.87
76,2024-10-21 12:00:45+00:00,
77,2024-10-21 12:00:50+00:00,233.39
78,2024-10-21 12:00:55+00:00,233.45
79,2024-10-21 12:01:00+00:00,233.5
80,2024-10-21 12:01:05+00:00,233.59
81,2024-10-21 12:01:10+00:00,233.44
82,2024-10-21 12:01:15+00:00,
83,2024-10-21 12:01:20+00:00,
84,2024-10-21 12:01:25+00:00,
85,2024-10-21 12:01:30+00:00,233.5
86,2024-10-21 12:01:35+00:00,233.78
87,2024-10-21 12:01:40+00:00,233.48
88,2024-10-21 12:01:45+00:00,233.42
89,2024-10-21 12:01:50+00:00,233.43
90,2024-10-21 12:01:55+00:00,233.6
91,2024-10-21 12:02:00+00:00,233.74
92,2024-10-21 12:02:05+00:00,233.77
93,2024-10-21 12:02:10+00:00,
94,2024-10-21 12:02:15+00:00,233.84
95,2024-10-21 12:02:20+00:00,
96,2024-10-21 12:02:25+00:00,
97,2024-10-21 12:02:30+00:00,233.43
98,2024-10-21 12:02:35+00:00,
99,2024-10-21 12:02:40+00:00,233.6
100,2024-10-21 12:02:45+00:00,233.51
101,2024-10-21 12:02:50+00:00,233.86
102,2024-10-21 12:02:55+00:00,233.49
103,2024-10-21 12:03:00+00:00,233.5
104,2024-10-21 12:03:05+00:00,
105,2024-10-21 12:03:10+00:00,
106,2024-10-21 12:03:15+00:00,
107,2024-10-21 12:03:20+00:00,233.48
108,2024-10-21 12:03:25+00:00,
109,2024-10-21 12:03:30+00:00,
110,2024-10-21 12:03:35+00:00,233.4
111,2024-10-21 12:03:40+00:00,
112,2024-10-21 12:03:45+00:00,
113,2024-10-21 12:03:50+00:00,
114,2024-10-21 12:03:55+00:00,233.52
115,2024-10-21 12:04:00+00:00,233.58
116,2024-10-21 12:04:05+00:00,233.53
117,2024-10-21 12:04:10+00:00,233.82
118,2024-10-21 12:04:15+00:00,233.52
119,2024-10-21 12:04:20+00:00,
120,2024-10-21 12:04:25+00:00,233.57
121,2024-10-21 12:04:30+00:00,
122,2024-10-21 12:04:35+00:00,
123,2024-10-21 12:04:40+00:00,234.15
124,2024-10-21 12:04:45+00:00,233.72
125,2024-10-21 12:04:50+00:00,233.58
126,2024-10-21 12:04:55+00:00,
127,2024-10-21 12:05:00+00:00,233.77
128,2024-10-21 12:05:05+00:00,234.15
129,2024-10-21 12:05:10+00:00,
130,2024-10-21 12:05:15+00:00,233.82
131,2024-10-21 12:05:20+00:00,
132,2024-10-21 12:05:25+00:00,233.67
133,2024-10-21 12:05:30+00:00,233.7
134,2024-10-21 12:05:35+00:00,233.52
135,2024-10-21 12:05:40+00:00,233.65
136,2024-10-21 12:05:45+00:00,233.65
137,2024-10-21 12:05:50+00:00,233.57
138,2024-10-21 12:05:55+00:00,233.58
139,2024-10-21 12:06:00+00:00,
140,2024-10-21 12:06:05+00:00,233.88
141,2024-10-21 12:06:10+00:00,
142,2024-10-21 12:06:15+00:00,233.64
143,2024-10-21 12:06:20+00:00,233.64
144,2024-10-21 12:06:25+00:00,233.94
145,2024-10-21 12:06:30+00:00,233.57
146,2024-10-21 12:06:35+00:00,233.92
147,2024-10-21 12:06:40+00:00,
148,2024-10-21 12:06:45+00:00,233.66
149,2024-10-21 12:06:50+00:00,233.65
150,2024-10-21 12:06:55+00:00,233.7
151,2024-10-21 12:07:00+00:00,233.93
152,2024-10-21 12:07:05+00:00,233.7
153,2024-10-21 12:07:10+00:00,
154,2024-10-21 12:07:15+00:00,
155,2024-10-21 12:07:20+00:00,233.96
156,2024-10-21 12:07:25+00:00,
157,2024-10-21 12:07:30+00:00,233.71
158,2024-10-21 12:07:35+00:00,
159,2024-10-21 12:07:40+00:00,
160,2024-10-21 12:07:45+00:00,
161,2024-10-21 12:07:50+00:00,233.75
162,2024-10-21 12:07:55+00:00,234.05
163,2024-10-21 12:08:00+00:00,
164,2024-10-21 12:08:05+00:00,233.75
165,2024-10-21 12:08:10+00:00,233.94
166,2024-10-21 12:08:15+00:00,
167,2024-10-21 12:08:20+00:00,233.73
168,2024-10-21 12:08:25+00:00,233.77
169,2024-10-21 12:08:30+00:00,
170,2024-10-21 12:08:35+00:00,233.76
171,2024-10-21 12:08:40+00:00,233.91
172,2024-10-21 12:08:45+00:00,233.9
173,2024-10-21 12:08:50+00:00,
174,2024-10-21 12:08:55+00:00,233.9
175,2024-10-21 12:09:00+00:00,233.81
176,2024-10-21 12:09:05+00:00,233.82
177,2024-10-21 12:09:10+00:00,234.07
178,2024-10-21 12:09:15+00:00,233.83
179,2024-10-21 12:09:20+00:00,
180,2024-10-21 12:09:25+00:00,233.82
181,2024-10-21 12:09:30+00:00,233.9
182,2024-10-21 12:09:35+00:00,233.97
183,2024-10-21 12:09:40+00:00,233.95
184,2024-10-21 12:09:45+00:00,234.06
185,2024-10-21 12:09:50+00:00,234.06
186,2024-10-21 12:09:55+00:00,234.12
187,2024-10-21 12:10:00+00:00,233.87
188,2024-10-21 12:10:05+00:00,
189,2024-10-21 12:10:10+00:00,233.84
190,2024-10-21 12:10:15+00:00,233.99
191,2024-10-21 12:10:20+00:00,233.88
192,2024-10-21 12:10:25+00:00,233.95
193,2024-10-21 12:10:30+00:00,233.81
194,2024-10-21 12:10:35+00:00,234.18
195,2024-10-21 12:10:40+00:00,234.17
196,2024-10-21 12:10:45+00:00,233.88
197,2024-10-21 12:10:50+00:00,234.06
198,2024-10-21 12:10:55+00:00,233.77
199,2024-10-21 12:11:00+00:00,233.88
200,2024-10-21 12:11:05+00:00,233.82
201,2024-10-21 12:11:10+00:00,233.83
202,2024-10-21 12:11:15+00:00,233.78
203,2024-10-21 12:11:20+00:00,233.76
204,2024-10-21 12:11:25+00:00,234.06
205,2024-10-21 12:11:30+00:00,233.78
206,2024-10-21 12:11:35+00:00,233.82
207,2024-10-21 12:11:40+00:00,233.82
208,2024-10-21 12:11:45+00:00,233.83
209,2024-10-21 12:11:50+00:00,233.79
210,2024-10-21 12:11:55+00:00,233.83
211,2024-10-21 12:12:00+00:00,233.82
212,2024-10-21 12:12:05+00:00,233.82
213,2024-10-21 12:12:10+00:00,233.83
214,2024-10-21 12:12:15+00:00,
215,2024-10-21 12:12:20+00:00,233.78
216,2024-10-21 12:12:25+00:00,233.78
217,2024-10-21 12:12:30+00:00,233.87
218,2024-10-21 12:12:35+00:00,
219,2024-10-21 12:12:40+00:00,233.76
220,2024-10-21 12:12:45+00:00,233.72
221,2024-10-21 12:12:50+00:00,233.76
222,2024-10-21 12:12:55+00:00,233.77
223,2024-10-21 12:13:00+00:00,
224,2024-10-21 12:13:05+00:00,
225,2024-10-21 12:13:10+00:00,234.06
226,2024-10-21 12:13:15+00:00,
227,2024-10-21 12:13:20+00:00,234.07
228,2024-10-21 12:13:25+00:00,234.13
229,2024-10-21 12:13:30+00:00,234.06
230,2024-10-21 12:13:35+00:00,233.77
231,2024-10-21 12:13:40+00:00,234.13
232,2024-10-21 12:13:45+00:00,234.16
233,2024-10-21 12:13:50+00:00,234.15
234,2024-10-21 12:13:55+00:00,234.14
235,2024-10-21 12:14:00+00:00,233.76
236,2024-10-21 12:14:05+00:00,233.73
237,2024-10-21 12:14:10+00:00,233.8
238,2024-10-21 12:14:15+00:00,233.75
239,2024-10-21 12:14:20+00:00,234.18
240,2024-10-21 12:14:25+00:00,233.79
241,2024-10-21 12:14:30+00:00,
242,2024-10-21 12:14:35+00:00,233.78
243,2024-10-21 12:14:40+00:00,234.16
244,2024-10-21 12:14:45+00:00,234.16
245,2024-10-21 12:14:50+00:00,234.15
246,2024-10-21 12:14:55+00:00,233.86
247,2024-10-21 12:15:00+00:00,
248,2024-10-21 12:15:05+00:00,234.16
249,2024-10-21 12:15:10+00:00,234.16
250,2024-10-21 12:15:15+00:00,234.22
251,2024-10-21 12:15:20+00:00,234.1
252,2024-10-21 12:15:25+00:00,233.76
253,2024-10-21 12:15:30+00:00,
254,2024-10-21 12:15:35+00:00,234.1
255,2024-10-21 12:15:40+00:00,234.21
256,2024-10-21 12:15:45+00:00,234.19
257,2024-10-21 12:15:50+00:00,234.12
258,2024-10-21 12:15:55+00:00,233.77
259,2024-10-21 12:16:00+00:00,233.77
260,2024-10-21 12:16:05+00:00,233.75
261,2024-10-21 12:16:10+00:00,234.09
262,2024-10-21 12:16:15+00:00,
263,2024-10-21 12:16:20+00:00,234.08
264,2024-10-21 12:16:25+00:00,
265,2024-10-21 12:16:30+00:00,234.15
266,2024-10-21 12:16:35+00:00,233.68
267,2024-10-21 12:16:40+00:00,234.11
268,2024-10-21 12:16:45+00:00,234.09
269,2024-10-21 12:16:50+00:00,234.16
270,2024-10-21 12:16:55+00:00,
271,2024-10-21 12:17:00+00:00,234.15
272,2024-10-21 12:17:05+00:00,233.77
273,2024-10-21 12:17:10+00:00,233.74
274,2024-10-21 12:17:15+00:00,233.9
275,2024-10-21 12:17:20+00:00,234.04
276,2024-10-21 12:17:25+00:00,234.03
277,2024-10-21 12:17:30+00:00,234.03
278,2024-10-21 12:17:35+00:00,234.1
279,2024-10-21 12:17:40+00:00,
280,2024-10-21 12:17:45+00:00,233.93
281,2024-10-21 12:17:50+00:00,
282,2024-10-21 12:17:55+00:00,234.03
283,2024-10-21 12:18:00+00:00,234.04
284,2024-10-21 12:18:05+00:00,234.07
285,2024-10-21 12:18:10+00:00,234.04
286,2024-10-21 12:18:15+00:00,
287,2024-10-21 12:18:20+00:00,233.99
288,2024-10-21 12:18:25+00:00,
289,2024-10-21 12:18:30+00:00,233.97
290,2024-10-21 12:18:35+00:00,233.62
291,2024-10-21 12:18:40+00:00,233.62
292,2024-10-21 12:18:45+00:00,234.05
293,2024-10-21 12:18:50+00:00,233.62
294,2024-10-21 12:18:55+00:00,
295,2024-10-21 12:19:00+00:00,233.65
296,2024-10-21 12:19:05+00:00,233.96
297,2024-10-21 12:19:10+00:00,233.68
298,2024-10-21 12:19:15+00:00,
299,2024-10-21 12:19:20+00:00,234.41
300,2024-10-21 12:19:25+00:00,
301,2024-10-21 12:19:30+00:00,233.69
302,2024-10-21 12:19:35+00:00,233.73
303,2024-10-21 12:19:40+00:00,233.68
304,2024-10-21 12:19:45+00:00,233.72
305,2024-10-21 12:19:50+00:00,
306,2024-10-21 12:19:55+00:00,233.73
307,2024-10-21 12:20:00+00:00,234.09
308,2024-10-21 12:20:05+00:00,
309,2024-10-21 12:20:10+00:00,
310,2024-10-21 12:20:15+00:00,233.73
311,2024-10-21 12:20:20+00:00,
312,2024-10-21 12:20:25+00:00,233.8
313,2024-10-21 12:20:30+00:00,233.97
314,2024-10-21 12:20:35+00:00,
315,2024-10-21 12:20:40+00:00,
316,2024-10-21 12:20:45+00:00,
317,2024-10-21 12:20:50+00:00,233.99
318,2024-10-21 12:20:55+00:00,234.05
319,2024-10-21 12:21:00+00:00,234.03
320,2024-10-21 12:21:05+00:00,234.06
321,2024-10-21 12:21:10+00:00,233.86
322,2024-10-21 12:21:15+00:00,234.05
323,2024-10-21 12:21:20+00:00,234.05
324,2024-10-21 12:21:25+00:00,233.69
325,2024-10-21 12:21:30+00:00,
326,2024-10-21 12:21:35+00:00,
327,2024-10-21 12:21:40+00:00,234.05
328,2024-10-21 12:21:45+00:00,234.03
329,2024-10-21 12:21:50+00:00,233.79
330,2024-10-21 12:21:55+00:00,233.92
331,2024-10-21 12:22:00+00:00,234.02
332,2024-10-21 12:22:05+00:00,234.08
333,2024-10-21 12:22:10+00:00,
334,2024-10-21 12:22:15+00:00,233.72
335,2024-10-21 12:22:20+00:00,234.07
336,2024-10-21 12:22:25+00:00,233.79
337,2024-10-21 12:22:30+00:00,
338,2024-10-21 12:22:35+00:00,234.08
339,2024-10-21 12:22:40+00:00,233.92
340,2024-10-21 12:22:45+00:00,
341,2024-10-21 12:22:50+00:00,
342,2024-10-21 12:22:55+00:00,
343,2024-10-21 12:23:00+00:00,
344,2024-10-21 12:23:05+00:00,233.82
345,2024-10-21 12:23:10+00:00,233.8
346,2024-10-21 12:23:15+00:00,
347,2024-10-21 12:23:20+00:00,234.09
348,2024-10-21 12:23:25+00:00,234.15
349,2024-10-21 12:23:30+00:00,234.14
350,2024-10-21 12:23:35+00:00,234.08
351,2024-10-21 12:23:40+00:00,233.82
352,2024-10-21 12:23:45+00:00,
353,2024-10-21 12:23:50+00:00,233.82
354,2024-10-21 12:23:55+00:00,234.02
355,2024-10-21 12:24:00+00:00,233.73
356,2024-10-21 12:24:05+00:00,
357,2024-10-21 12:24:10+00:00,233.66
358,2024-10-21 12:24:15+00:00,233.8
359,2024-10-21 12:24:20+00:00,
360,2024-10-21 12:24:25+00:00,234.03
361,2024-10-21 12:24:30+00:00,234.03
362,2024-10-21 12:24:35+00:00,233.98
363,2024-10-21 12:24:40+00:00,234.09
364,2024-10-21 12:24:45+00:00,
365,2024-10-21 12:24:50+00:00,
366,2024-10-21 12:24:55+00:00,233.95
367,2024-10-21 12:25:00+00:00,233.97
368,2024-10-21 12:25:05+00:00,233.72
369,2024-10-21 12:25:10+00:00,233.98
370,2024-10-21 12:25:15+00:00,233.77
371,2024-10-21 12:25:20+00:00,
372,2024-10-21 12:25:25+00:00,233.99
373,2024-10-21 12:25:30+00:00,233.93
374,2024-10-21 12:25:35+00:00,234.44
375,2024-10-21 12:25:40+00:00,233.76
376,2024-10-21 12:25:45+00:00,233.77
377,2024-10-21 12:25:50+00:00,233.81
378,2024-10-21 12:25:55+00:00,
379,2024-10-21 12:26:00+00:00,234.07
380,2024-10-21 12:26:05+00:00,233.85
381,2024-10-21 12:26:10+00:00,233.79
382,2024-10-21 12:26:15+00:00,
383,2024-10-21 12:26:20+00:00,234.41
384,2024-10-21 12:26:25+00:00,234.01
385,2024-10-21 12:26:30+00:00,233.73
386,2024-10-21 12:26:35+00:00,
387,2024-10-21 12:26:40+00:00,233.97
388,2024-10-21 12:26:45+00:00,233.76
389,2024-10-21 12:26:50+00:00,233.76
390,2024-10-21 12:26:55+00:00,
391,2024-10-21 12:27:00+00:00,233.77
392,2024-10-21 12:27:05+00:00,233.77
393,2024-10-21 12:27:10+00:00,
394,2024-10-21 12:27:15+00:00,233.98
395,2024-10-21 12:27:20+00:00,233.99
396,2024-10-21 12:27:25+00:00,234.05
397,2024-10-21 12:27:30+00:00,234.41
398,2024-10-21 12:27:35+00:00,234.02
399,2024-10-21 12:27:40+00:00,234.38
400,2024-10-21 12:27:45+00:00,233.78
401,2024-10-21 12:27:50+00:00,233.81
402,2024-10-21 12:27:55+00:00,234.08
403,2024-10-21 12:28:00+00:00,
404,2024-10-21 12:28:05+00:00,
405,2024-10-21 12:28:10+00:00,233.86
406,2024-10-21 12:28:15+00:00,233.78
407,2024-10-21 12:28:20+00:00,233.79
408,2024-10-21 12:28:25+00:00,
409,2024-10-21 12:28:30+00:00,233.8
410,2024-10-21 12:28:35+00:00,233.78
411,2024-10-21 12:28:40+00:00,233.82
412,2024-10-21 12:28:45+00:00,233.82
413,2024-10-21 12:28:50+00:00,
414,2024-10-21 12:28:55+00:00,233.81
415,2024-10-21 12:29:00+00:00,233.76
416,2024-10-21 12:29:05+00:00,233.97
417,2024-10-21 12:29:10+00:00,233.97
418,2024-10-21 12:29:15+00:00,234.07
419,2024-10-21 12:29:20+00:00,
420,2024-10-21 12:29:25+00:00,233.79
421,2024-10-21 12:29:30+00:00,
422,2024-10-21 12:29:35+00:00,
423,2024-10-21 12:29:40+00:00,
424,2024-10-21 12:29:45+00:00,233.93
425,2024-10-21 12:29:50+00:00,233.98
426,2024-10-21 12:29:55+00:00,233.96
427,2024-10-21 12:30:00+00:00,233.96
428,2024-10-21 12:30:05+00:00,233.77
429,2024-10-21 12:30:10+00:00,233.68
430,2024-10-21 12:30:15+00:00,
431,2024-10-21 12:30:20+00:00,
432,2024-10-21 12:30:25+00:00,
433,2024-10-21 12:30:30+00:00,233.61
434,2024-10-21 12:30:35+00:00,233.93
435,2024-10-21 12:30:40+00:00,233.6
436,2024-10-21 12:30:45+00:00,
437,2024-10-21 12:30:50+00:00,233.61
438,2024-10-21 12:30:55+00:00,233.9
439,2024-10-21 12:31:00+00:00,233.68
440,2024-10-21 12:31:05+00:00,233.93
441,2024-10-21 12:31:10+00:00,233.66
442,2024-10-21 12:31:15+00:00,233.86
443,2024-10-21 12:31:20+00:00,233.97
444,2024-10-21 12:31:25+00:00,233.9
445,2024-10-21 12:31:30+00:00,233.91
446,2024-10-21 12:31:35+00:00,233.59
447,2024-10-21 12:31:40+00:00,233.65
448,2024-10-21 12:31:45+00:00,233.97
449,2024-10-21 12:31:50+00:00,233.9
450,2024-10-21 12:31:55+00:00,233.7
451,2024-10-21 12:32:00+00:00,233.97
452,2024-10-21 12:32:05+00:00,233.66
453,2024-10-21 12:32:10+00:00,233.82
454,2024-10-21 12:32:15+00:00,233.91
455,2024-10-21 12:32:20+00:00,233.91
456,2024-10-21 12:32:25+00:00,233.62
457,2024-10-21 12:32:30+00:00,
458,2024-10-21 12:32:35+00:00,233.9
459,2024-10-21 12:32:40+00:00,
460,2024-10-21 12:32:45+00:00,233.89
461,2024-10-21 12:32:50+00:00,
462,2024-10-21 12:32:55+00:00,233.64
463,2024-10-21 12:33:00+00:00,233.84
464,2024-10-21 12:33:05+00:00,233.82
465,2024-10-21 12:33:10+00:00,233.84
466,2024-10-21 12:33:15+00:00,233.65
467,2024-10-21 12:33:20+00:00,233.98
468,2024-10-21 12:33:25+00:00,233.63
469,2024-10-21 12:33:30+00:00,
470,2024-10-21 12:33:35+00:00,233.75
471,2024-10-21 12:33:40+00:00,233.64
472,2024-10-21 12:33:45+00:00,233.68
473,2024-10-21 12:33:50+00:00,233.67
474,2024-10-21 12:33:55+00:00,233.65
475,2024-10-21 12:34:00+00:00,233.9
476,2024-10-21 12:34:05+00:00,233.99
477,2024-10-21 12:34:10+00:00,233.65
478,2024-10-21 12:34:15+00:00,233.88
479,2024-10-21 12:34:20+00:00,233.88
480,2024-10-21 12:34:25+00:00,233.9
481,2024-10-21 12:34:30+00:00,233.92
482,2024-10-21 12:34:35+00:00,233.92
483,2024-10-21 12:34:40+00:00,233.9
484,2024-10-21 12:34:45+00:00,233.79
485,2024-10-21 12:34:50+00:00,233.9
486,2024-10-21 12:34:55+00:00,233.64
487,2024-10-21 12:35:00+00:00,233.91
488,2024-10-21 12:35:05+00:00,233.9
489,2024-10-21 12:35:10+00:00,233.91
490,2024-10-21 12:35:15+00:00,233.91
491,2024-10-21 12:35:20+00:00,233.8
492,2024-10-21 12:35:25+00:00,
493,2024-10-21 12:35:30+00:00,
494,2024-10-21 12:35:35+00:00,233.77
495,2024-10-21 12:35:40+00:00,
496,2024-10-21 12:35:45+00:00,233.6
497,2024-10-21 12:35:50+00:00,233.94
498,2024-10-21 12:35:55+00:00,233.7
499,2024-10-21 12:36:00+00:00,233.68
500,2024-10-21 12:36:05+00:00,234.0
501,2024-10-21 12:36:10+00:00,233.89
502,2024-10-21 12:36:15+00:00,
503,2024-10-21 12:36:20+00:00,
504,2024-10-21 12:36:25+00:00,
505,2024-10-21 12:36:30+00:00,
506,2024-10-21 12:36:35+00:00,
507,2024-10-21 12:36:40+00:00,233.68
508,2024-10-21 12:36:45+00:00,
509,2024-10-21 12:36:50+00:00,233.95
510,2024-10-21 12:36:55+00:00,233.95
511,2024-10-21 12:37:00+00:00,233.71
512,2024-10-21 12:37:05+00:00,233.66
513,2024-10-21 12:37:10+00:00,233.71
514,2024-10-21 12:37:15+00:00,233.94
515,2024-10-21 12:37:20+00:00,233.71
516,2024-10-21 12:37:25+00:00,233.71
517,2024-10-21 12:37:30+00:00,
518,2024-10-21 12:37:35+00:00,233.92
519,2024-10-21 12:37:40+00:00,233.7
520,2024-10-21 12:37:45+00:00,233.75
521,2024-10-21 12:37:50+00:00,233.94
522,2024-10-21 12:37:55+00:00,233.93
523,2024-10-21 12:38:00+00:00,233.7
524,2024-10-21 12:38:05+00:00,
525,2024-10-21 12:38:10+00:00,233.95
526,2024-10-21 12:38:15+00:00,233.69
527,2024-10-21 12:38:20+00:00,233.61
528,2024-10-21 12:38:25+00:00,233.86
529,2024-10-21 12:38:30+00:00,233.8
530,2024-10-21 12:38:35+00:00,233.62
531,2024-10-21 12:38:40+00:00,233.87
532,2024-10-21 12:38:45+00:00,
533,2024-10-21 12:38:50+00:00,233.62
534,2024-10-21 12:38:55+00:00,233.65
535,2024-10-21 12:39:00+00:00,234.02
536,2024-10-21 12:39:05+00:00,233.74
537,2024-10-21 12:39:10+00:00,233.87
538,2024-10-21 12:39:15+00:00,233.62
539,2024-10-21 12:39:20+00:00,233.69
540,2024-10-21 12:39:25+00:00,
541,2024-10-21 12:39:30+00:00,233.65
542,2024-10-21 12:39:35+00:00,233.62
543,2024-10-21 12:39:40+00:00,233.69
544,2024-10-21 12:39:45+00:00,
545,2024-10-21 12:39:50+00:00,
546,2024-10-21 12:39:55+00:00,
547,2024-10-21 12:40:00+00:00,233.7
548,2024-10-21 12:40:05+00:00,233.8
549,2024-10-21 12:40:10+00:00,
550,2024-10-21 12:40:15+00:00,233.84
551,2024-10-21 12:40:20+00:00,233.71
552,2024-10-21 12:40:25+00:00,233.74
553,2024-10-21 12:40:30+00:00,233.8
554,2024-10-21 12:40:35+00:00,233.79
555,2024-10-21 12:40:40+00:00,233.62
556,2024-10-21 12:40:45+00:00,233.61
557,2024-10-21 12:40:50+00:00,233.62
558,2024-10-21 12:40:55+00:00,233.7
559,2024-10-21 12:41:00+00:00,233.77
560,2024-10-21 12:41:05+00:00,233.89
561,2024-10-21 12:41:10+00:00,
562,2024-10-21 12:41:15+00:00,
563,2024-10-21 12:41:20+00:00,233.88
564,2024-10-21 12:41:25+00:00,
565,2024-10-21 12:41:30+00:00,233.87
566,2024-10-21 12:41:35+00:00,233.59
567,2024-10-21 12:41:40+00:00,233.55
568,2024-10-21 12:41:45+00:00,233.88
569,2024-10-21 12:41:50+00:00,233.87
570,2024-10-21 12:41:55+00:00,
571,2024-10-21 12:42:00+00:00,233.87
572,2024-10-21 12:42:05+00:00,233.64
573,2024-10-21 12:42:10+00:00,233.81
574,2024-10-21 12:42:15+00:00,233.81
575,2024-10-21 12:42:20+00:00,233.76
576,2024-10-21 12:42:25+00:00,233.75
577,2024-10-21 12:42:30+00:00,233.77
578,2024-10-21 12:42:35+00:00,233.93
579,2024-10-21 12:42:40+00:00,233.8
580,2024-10-21 12:42:45+00:00,
581,2024-10-21 12:42:50+00:00,
582,2024-10-21 12:42:55+00:00,
583,2024-10-21 12:43:00+00:00,233.66
584,2024-10-21 12:43:05+00:00,233.87
585,2024-10-21 12:43:10+00:00,233.66
586,2024-10-21 12:43:15+00:00,233.8
587,2024-10-21 12:43:20+00:00,
588,2024-10-21 12:43:25+00:00,233.68
589,2024-10-21 12:43:30+00:00,233.63
590,2024-10-21 12:43:35+00:00,
591,2024-10-21 12:43:40+00:00,
592,2024-10-21 12:43:45+00:00,233.68
593,2024-10-21 12:43:50+00:00,233.76
594,2024-10-21 12:43:55+00:00,233.7
595,2024-10-21 12:44:00+00:00,233.82
596,2024-10-21 12:44:05+00:00,
597,2024-10-21 12:44:10+00:00,233.62
598,2024-10-21 12:44:15+00:00,
599,2024-10-21 12:44:20+00:00,233.78
600,2024-10-21 12:44:25+00:00,233.55
601,2024-10-21 12:44:30+00:00,
602,2024-10-21 12:44:35+00:00,233.76
603,2024-10-21 12:44:40+00:00,233.82
604,2024-10-21 12:44:45+00:00,233.55
605,2024-10-21 12:44:50+00:00,
606,2024-10-21 12:44:55+00:00,233.74
607,2024-10-21 12:45:00+00:00,233.66
608,2024-10-21 12:45:05+00:00,233.89
609,2024-10-21 12:45:10+00:00,233.66
610,2024-10-21 12:45:15+00:00,233.67
611,2024-10-21 12:45:20+00:00,
612,2024-10-21 12:45:25+00:00,
613,2024-10-21 12:45:30+00:00,
614,2024-10-21 12:45:35+00:00,233.91
615,2024-10-21 12:45:40+00:00,233.67
616,2024-10-21 12:45:45+00:00,233.67
617,2024-10-21 12:45:50+00:00,
618,2024-10-21 12:45:55+00:00,
619,2024-10-21 12:46:00+00:00,233.68
620,2024-10-21 12:46:05+00:00,
621,2024-10-21 12:46:10+00:00,233.83
622,2024-10-21 12:46:15+00:00,233.9
623,2024-10-21 12:46:20+00:00,233.68
624,2024-10-21 12:46:25+00:00,233.88
625,2024-10-21 12:46:30+00:00,233.83
626,2024-10-21 12:46:35+00:00,233.91
627,2024-10-21 12:46:40+00:00,233.64
628,2024-10-21 12:46:45+00:00,233.92
629,2024-10-21 12:46:50+00:00,233.4
630,2024-10-21 12:46:55+00:00,
631,2024-10-21 12:47:00+00:00,233.87
632,2024-10-21 12:47:05+00:00,233.61
633,2024-10-21 12:47:10+00:00,233.63
634,2024-10-21 12:47:15+00:00,233.83
635,2024-10-21 12:47:20+00:00,
636,2024-10-21 12:47:25+00:00,233.62
637,2024-10-21 12:47:30+00:00,233.92
638,2024-10-21 12:47:35+00:00,233.4
639,2024-10-21 12:47:40+00:00,233.67
640,2024-10-21 12:47:45+00:00,
641,2024-10-21 12:47:50+00:00,
642,2024-10-21 12:47:55+00:00,
643,2024-10-21 12:48:00+00:00,
644,2024-10-21 12:48:05+00:00,233.62
645,2024-10-21 12:48:10+00:00,233.58
646,2024-10-21 12:48:15+00:00,233.88
647,2024-10-21 12:48:20+00:00,233.64
648,2024-10-21 12:48:25+00:00,233.66
649,2024-10-21 12:48:30+00:00,233.69
650,2024-10-21 12:48:35+00:00,233.92
651,2024-10-21 12:48:40+00:00,233.4
652,2024-10-21 12:48:45+00:00,233.92
653,2024-10-21 12:48:50+00:00,
654,2024-10-21 12:48:55+00:00,233.85
655,2024-10-21 12:49:00+00:00,233.69
656,2024-10-21 12:49:05+00:00,233.75
657,2024-10-21 12:49:10+00:00,233.7
658,2024-10-21 12:49:15+00:00,233.77
659,2024-10-21 12:49:20+00:00,233.78
660,2024-10-21 12:49:25+00:00,233.86
661,2024-10-21 12:49:30+00:00,233.79
662,2024-10-21 12:49:35+00:00,233.8
663,2024-10-21 12:49:40+00:00,233.71
664,2024-10-21 12:49:45+00:00,234.0
665,2024-10-21 12:49:50+00:00,
666,2024-10-21 12:49:55+00:00,233.82
667,2024-10-21 12:50:00+00:00,234.05
668,2024-10-21 12:50:05+00:00,234.03
669,2024-10-21 12:50:10+00:00,234.05
670,2024-10-21 12:50:15+00:00,234.02
671,2024-10-21 12:50:20+00:00,234.04
672,2024-10-21 12:50:25+00:00,233.81
673,2024-10-21 12:50:30+00:00,233.87
674,2024-10-21 12:50:35+00:00,234.03
675,2024-10-21 12:50:40+00:00,
676,2024-10-21 12:50:45+00:00,233.82
677,2024-10-21 12:50:50+00:00,233.88
678,2024-10-21 12:50:55+00:00,233.89
679,2024-10-21 12:51:00+00:00,233.76
680,2024-10-21 12:51:05+00:00,
681,2024-10-21 12:51:10+00:00,233.78
682,2024-10-21 12:51:15+00:00,233.82
683,2024-10-21 12:51:20+00:00,233.73
684,2024-10-21 12:51:25+00:00,233.81
685,2024-10-21 12:51:30+00:00,233.94
686,2024-10-21 12:51:35+00:00,233.82
687,2024-10-21 12:51:40+00:00,233.82
688,2024-10-21 12:51:45+00:00,233.93
689,2024-10-21 12:51:50+00:00,233.78
690,2024-10-21 12:51:55+00:00,233.73
691,2024-10-21 12:52:00+00:00,233.94
692,2024-10-21 12:52:05+00:00,233.98
693,2024-10-21 12:52:10+00:00,233.78
694,2024-10-21 12:52:15+00:00,233.7
695,2024-10-21 12:52:20+00:00,233.77
696,2024-10-21 12:52:25+00:00,233.97
697,2024-10-21 12:52:30+00:00,233.94
698,2024-10-21 12:52:35+00:00,
699,2024-10-21 12:52:40+00:00,233.71
700,2024-10-21 12:52:45+00:00,
701,2024-10-21 12:52:50+00:00,233.81
702,2024-10-21 12:52:55+00:00,233.99
703,2024-10-21 12:53:00+00:00,233.98
704,2024-10-21 12:53:05+00:00,
705,2024-10-21 12:53:10+00:00,233.99
706,2024-10-21 12:53:15+00:00,
707,2024-10-21 12:53:20+00:00,
708,2024-10-21 12:53:25+00:00,233.98
709,2024-10-21 12:53:30+00:00,
710,2024-10-21 12:53:35+00:00,233.72
711,2024-10-21 12:53:40+00:00,233.9
712,2024-10-21 12:53:45+00:00,
713,2024-10-21 12:53:50+00:00,
714,2024-10-21 12:53:55+00:00,233.71
715,2024-10-21 12:54:00+00:00,233.71
716,2024-10-21 12:54:05+00:00,233.8
717,2024-10-21 12:54:10+00:00,
718,2024-10-21 12:54:15+00:00,233.93
719,2024-10-21 12:54:20+00:00,233.85
720,2024-10-21 12:54:25+00:00,233.98
721,2024-10-21 12:54:30+00:00,233.93
722,2024-10-21 12:54:35+00:00,
723,2024-10-21 12:54:40+00:00,233.93
724,2024-10-21 12:54:45+00:00,
725,2024-10-21 12:54:50+00:00,
726,2024-10-21 12:54:55+00:00,233.81
727,2024-10-21 12:55:00+00:00,233.78
728,2024-10-21 12:55:05+00:00,233.97
729,2024-10-21 12:55:10+00:00,233.74
730,2024-10-21 12:55:15+00:00,233.7
731,2024-10-21 12:55:20+00:00,233.76
732,2024-10-21 12:55:25+00:00,233.99
733,2024-10-21 12:55:30+00:00,
734,2024-10-21 12:55:35+00:00,234.0
735,2024-10-21 12:55:40+00:00,233.75
736,2024-10-21 12:55:45+00:00,233.98
737,2024-10-21 12:55:50+00:00,233.92
738,2024-10-21 12:55:55+00:00,
739,2024-10-21 12:56:00+00:00,233.96
740,2024-10-21 12:56:05+00:00,233.77
741,2024-10-21 12:56:10+00:00,
742,2024-10-21 12:56:15+00:00,
743,2024-10-21 12:56:20+00:00,233.86
744,2024-10-21 12:56:25+00:00,233.76
745,2024-10-21 12:56:30+00:00,
746,2024-10-21 12:56:35+00:00,
747,2024-10-21 12:56:40+00:00,233.76
748,2024-10-21 12:56:45+00:00,233.71
749,2024-10-21 12:56:50+00:00,233.72
750,2024-10-21 12:56:55+00:00,233.72
751,2024-10-21 12:57:00+00:00,233.8
752,2024-10-21 12:57:05+00:00,233.6
753,2024-10-21 12:57:10+00:00,233.72
754,2024-10-21 12:57:15+00:00,233.89
755,2024-10-21 12:57:20+00:00,
756,2024-10-21 12:57:25+00:00,233.7
757,2024-10-21 12:57:30+00:00,233.71
758,2024-10-21 12:57:35+00:00,233.71
759,2024-10-21 12:57:40+00:00,233.76
760,2024-10-21 12:57:45+00:00,233.72
761,2024-10-21 12:57:50+00:00,
762,2024-10-21 12:57:55+00:00,
763,2024-10-21 12:58:00+00:00,233.9
764,2024-10-21 12:58:05+00:00,233.9
765,2024-10-21 12:58:10+00:00,233.74
766,2024-10-21 12:58:15+00:00,233.98
767,2024-10-21 12:58:20+00:00,233.75
768,2024-10-21 12:58:25+00:00,233.75
769,2024-10-21 12:58:30+00:00,
770,2024-10-21 12:58:35+00:00,233.99
771,2024-10-21 12:58:40+00:00,233.79
772,2024-10-21 12:58:45+00:00,
773,2024-10-21 12:58:50+00:00,233.78
774,2024-10-21 12:58:55+00:00,233.93
775,2024-10-21 12:59:00+00:00,233.85
776,2024-10-21 12:59:05+00:00,
777,2024-10-21 12:59:10+00:00,
778,2024-10-21 12:59:15+00:00,233.8
779,2024-10-21 12:59:20+00:00,
780,2024-10-21 12:59:25+00:00,233.94
781,2024-10-21 12:59:30+00:00,233.76
782,2024-10-21 12:59:35+00:00,
783,2024-10-21 12:59:40+00:00,233.87
784,2024-10-21 12:59:45+00:00,
785,2024-10-21 12:59:50+00:00,
786,2024-10-21 12:59:55+00:00,233.99
787,2024-10-21 13:00:00+00:00,233.75
788,2024-10-21 13:00:05+00:00,233.75
789,2024-10-21 13:00:10+00:00,233.73
790,2024-10-21 13:00:15+00:00,
791,2024-10-21 13:00:20+00:00,233.91
792,2024-10-21 13:00:25+00:00,
793,2024-10-21 13:00:30+00:00,233.89
794,2024-10-21 13:00:35+00:00,233.9
795,2024-10-21 13:00:40+00:00,233.74
796,2024-10-21 13:00:45+00:00,233.91
797,2024-10-21 13:00:50+00:00,233.74
798,2024-10-21 13:00:55+00:00,233.88
799,2024-10-21 13:01:00+00:00,233.75
800,2024-10-21 13:01:05+00:00,233.9
801,2024-10-21 13:01:10+00:00,233.85
802,2024-10-21 13:01:15+00:00,233.84
803,2024-10-21 13:01:20+00:00,233.81
804,2024-10-21 13:01:25+00:00,
805,2024-10-21 13:01:30+00:00,233.88
806,2024-10-21 13:01:35+00:00,233.7
807,2024-10-21 13:01:40+00:00,233.82
808,2024-10-21 13:01:45+00:00,233.69
809,2024-10-21 13:01:50+00:00,233.81
810,2024-10-21 13:01:55+00:00,233.78
811,2024-10-21 13:02:00+00:00,233.78
812,2024-10-21 13:02:05+00:00,233.54
813,2024-10-21 13:02:10+00:00,233.68
814,2024-10-21 13:02:15+00:00,233.5
815,2024-10-21 13:02:20+00:00,233.7
816,2024-10-21 13:02:25+00:00,233.66
817,2024-10-21 13:02:30+00:00,
818,2024-10-21 13:02:35+00:00,233.41
819,2024-10-21 13:02:40+00:00,233.65
820,2024-10-21 13:02:45+00:00,233.51
821,2024-10-21 13:02:50+00:00,233.64
822,2024-10-21 13:02:55+00:00,233.57
823,2024-10-21 13:03:00+00:00,233.44
824,2024-10-21 13:03:05+00:00,233.64
825,2024-10-21 13:03:10+00:00,233.55
826,2024-10-21 13:03:15+00:00,
827,2024-10-21 13:03:20+00:00,233.44
828,2024-10-21 13:03:25+00:00,233.65
829,2024-10-21 13:03:30+00:00,
830,2024-10-21 13:03:35+00:00,233.59
831,2024-10-21 13:03:40+00:00,233.66
832,2024-10-21 13:03:45+00:00,233.56
833,2024-10-21 13:03:50+00:00,233.45
834,2024-10-21 13:03:55+00:00,233.46
835,2024-10-21 13:04:00+00:00,233.69
836,2024-10-21 13:04:05+00:00,233.68
837,2024-10-21 13:04:10+00:00,233.69
838,2024-10-21 13:04:15+00:00,233.69
839,2024-10-21 13:04:20+00:00,233.56
